Name: CCTV-1, URL: https://iptv.catvod.com/catvod?id=CCTV1&line=15, From: subscribe, IPv_Type: ipv4, Location: 美国-加利福尼亚州-洛杉矶, ISP: IT7网络, Date: None, Delay: 203 ms, Speed: 5.29 M/s, Resolution: 1920x1080
Name: CCTV-1, URL: https://iptv.catvod.com/catvod?id=CCTV1&line=12, From: subscribe, IPv_Type: ipv4, Location: 美国-加利福尼亚州-洛杉矶, ISP: IT7网络, Date: None, Delay: 218 ms, Speed: 5.18 M/s, Resolution: 1920x1080
Name: CCTV-1, URL: https://iptv.catvod.com/catvod?id=CCTV1&line=10, From: subscribe, IPv_Type: ipv4, Location: 美国-加利福尼亚州-洛杉矶, ISP: IT7网络, Date: None, Delay: 232 ms, Speed: 5.18 M/s, Resolution: 1920x1080
Name: CCTV-1, URL: http://63.141.230.178:82/gslb/zbdq5.m3u8?id=cctv1hd, From: subscribe, IPv_Type: ipv4, Location: 美国, ISP: , Date: None, Delay: 667 ms, Speed: 4.87 M/s, Resolution: 1920x1080
Name: CCTV-1, URL: https://iptv.catvod.com/catvod?id=CCTV1&line=11, From: subscribe, IPv_Type: ipv4, Location: 美国-加利福尼亚州-洛杉矶, ISP: IT7网络, Date: None, Delay: 233 ms, Speed: 4.86 M/s, Resolution: 1920x1080
Name: CCTV-1, URL: https://iptv.catvod.com/catvod?id=CCTV1&line=7, From: subscribe, IPv_Type: ipv4, Location: 美国-加利福尼亚州-洛杉矶, ISP: IT7网络, Date: None, Delay: 215 ms, Speed: 4.85 M/s, Resolution: 1920x1080
Name: CCTV-1, URL: https://iptv.catvod.com/catvod?id=CCTV1&line=8, From: subscribe, IPv_Type: ipv4, Location: 美国-加利福尼亚州-洛杉矶, ISP: IT7网络, Date: None, Delay: 217 ms, Speed: 4.84 M/s, Resolution: 1920x1080
Name: CCTV-1, URL: https://iptv.catvod.com/catvod?id=CCTV1&line=13, From: subscribe, IPv_Type: ipv4, Location: 美国-加利福尼亚州-洛杉矶, ISP: IT7网络, Date: None, Delay: 223 ms, Speed: 4.56 M/s, Resolution: 1920x1080
Name: CCTV-1, URL: https://iptv.catvod.com/catvod?id=CCTV1&line=9, From: subscribe, IPv_Type: ipv4, Location: 美国-加利福尼亚州-洛杉矶, ISP: IT7网络, Date: None, Delay: 213 ms, Speed: 4.41 M/s, Resolution: 1920x1080
Name: CCTV-1, URL: https://piccpndali.v.myalicdn.com/audio/cctv1_2.m3u8, From: subscribe, IPv_Type: ipv4, Location: 美国-德克萨斯州-达拉斯, ISP: 阿里云CDN节点, Date: None, Delay: 4501 ms, Speed: 0.08 M/s, Resolution: None
Name: CCTV-1, URL: http://101.66.198.51:9901/tsfile/live/0001_1.m3u8?key=txiptv&playlive=0&authid=0, From: subscribe, IPv_Type: ipv4, Location: 中国-浙江-金华, ISP: 联通, Date: None, Delay: 10873 ms, Speed: 0.02 M/s, Resolution: None
Name: CCTV-2, URL: https://iptv.catvod.com/catvod?id=CCTV2&line=6, From: subscribe, IPv_Type: ipv4, Location: 美国-加利福尼亚州-洛杉矶, ISP: IT7网络, Date: None, Delay: 66 ms, Speed: 15.23 M/s, Resolution: 1920x1080
Name: CCTV-2, URL: https://iptv.catvod.com/catvod?id=CCTV2&line=1, From: subscribe, IPv_Type: ipv4, Location: 美国-加利福尼亚州-洛杉矶, ISP: IT7网络, Date: None, Delay: 96 ms, Speed: 11.36 M/s, Resolution: 1920x1080
Name: CCTV-2, URL: https://iptv.catvod.com/catvod?id=CCTV2&line=2, From: subscribe, IPv_Type: ipv4, Location: 美国-加利福尼亚州-洛杉矶, ISP: IT7网络, Date: None, Delay: 117 ms, Speed: 10.73 M/s, Resolution: 1920x1080
Name: CCTV-2, URL: https://iptv.catvod.com/catvod?id=CCTV2&line=5, From: subscribe, IPv_Type: ipv4, Location: 美国-加利福尼亚州-洛杉矶, ISP: IT7网络, Date: None, Delay: 101 ms, Speed: 9.58 M/s, Resolution: 1920x1080
Name: CCTV-2, URL: https://iptv.catvod.com/catvod?id=CCTV2&line=4, From: subscribe, IPv_Type: ipv4, Location: 美国-加利福尼亚州-洛杉矶, ISP: IT7网络, Date: None, Delay: 101 ms, Speed: 9.20 M/s, Resolution: 1920x1080
Name: CCTV-2, URL: https://iptv.catvod.com/catvod?id=CCTV2&line=3, From: subscribe, IPv_Type: ipv4, Location: 美国-加利福尼亚州-洛杉矶, ISP: IT7网络, Date: None, Delay: 127 ms, Speed: 8.54 M/s, Resolution: 1920x1080
Name: CCTV-2, URL: http://38.75.136.137:98/gslb/dsdqbv/cctv2hd.m3u8?auth=test20251009, From: subscribe, IPv_Type: ipv4, Location: 美国-伊利诺伊州-库克, ISP: Cogent, Date: None, Delay: 4234 ms, Speed: 0.86 M/s, Resolution: 1920x1080
Name: CCTV-2, URL: https://piccpndali.v.myalicdn.com/audio/cctv2_2.m3u8, From: subscribe, IPv_Type: ipv4, Location: 美国, ISP: 阿里云, Date: None, Delay: 4555 ms, Speed: 0.05 M/s, Resolution: None
Name: CCTV-3, URL: https://iptv.catvod.com/catvod?id=CCTV3&line=9, From: subscribe, IPv_Type: ipv4, Location: 美国-加利福尼亚州-洛杉矶, ISP: IT7网络, Date: None, Delay: 59 ms, Speed: 16.70 M/s, Resolution: 1920x1080
Name: CCTV-3, URL: https://iptv.catvod.com/catvod?id=CCTV3&line=10, From: subscribe, IPv_Type: ipv4, Location: 美国-加利福尼亚州-洛杉矶, ISP: IT7网络, Date: None, Delay: 63 ms, Speed: 15.56 M/s, Resolution: 1920x1080
Name: CCTV-3, URL: https://iptv.catvod.com/catvod?id=CCTV3&line=8, From: subscribe, IPv_Type: ipv4, Location: 美国-加利福尼亚州-洛杉矶, ISP: IT7网络, Date: None, Delay: 72 ms, Speed: 13.47 M/s, Resolution: 1920x1080
Name: CCTV-3, URL: https://iptv.catvod.com/catvod?id=CCTV3&line=6, From: subscribe, IPv_Type: ipv4, Location: 美国-加利福尼亚州-洛杉矶, ISP: IT7网络, Date: None, Delay: 84 ms, Speed: 11.40 M/s, Resolution: 1920x1080
Name: CCTV-3, URL: https://iptv.catvod.com/catvod?id=CCTV3&line=7, From: subscribe, IPv_Type: ipv4, Location: 美国-加利福尼亚州-洛杉矶, ISP: IT7网络, Date: None, Delay: 95 ms, Speed: 11.01 M/s, Resolution: 1920x1080
Name: CCTV-3, URL: https://iptv.catvod.com/live.php?id=CCTV3&line=8, From: subscribe, IPv_Type: ipv4, Location: 美国-加利福尼亚州-洛杉矶, ISP: IT7网络, Date: None, Delay: 124 ms, Speed: 8.72 M/s, Resolution: 1920x1080
Name: CCTV-3, URL: http://38.75.136.137:98/gslb/dsdqbv/cctv3hd.m3u8?auth=test20251009, From: subscribe, IPv_Type: ipv4, Location: 美国-伊利诺伊州-库克, ISP: Cogent, Date: None, Delay: 4453 ms, Speed: 1.10 M/s, Resolution: 1920x1080
Name: CCTV-3, URL: http://101.66.198.51:9901/tsfile/live/0003_1.m3u8?key=txiptv&playlive=0&authid=0, From: subscribe, IPv_Type: ipv4, Location: 中国-浙江-金华, ISP: 联通, Date: None, Delay: 10471 ms, Speed: 0.00 M/s, Resolution: None
Name: CCTV-4, URL: https://iptv.catvod.com/catvod?id=CCTV4%E7%BE%8E%E6%B4%B2&line=2, From: subscribe, IPv_Type: ipv4, Location: 美国-加利福尼亚州-洛杉矶, ISP: IT7网络, Date: None, Delay: 56 ms, Speed: 16.43 M/s, Resolution: 1920x1080
Name: CCTV-4, URL: https://iptv.catvod.com/catvod?id=CCTV4&line=4, From: subscribe, IPv_Type: ipv4, Location: 美国-加利福尼亚州-洛杉矶, ISP: IT7网络, Date: None, Delay: 62 ms, Speed: 16.20 M/s, Resolution: 1920x1080
Name: CCTV-4, URL: https://iptv.catvod.com/catvod?id=CCTV4&line=13, From: subscribe, IPv_Type: ipv4, Location: 美国-加利福尼亚州-洛杉矶, ISP: IT7网络, Date: None, Delay: 63 ms, Speed: 15.68 M/s, Resolution: 1920x1080
Name: CCTV-4, URL: https://iptv.catvod.com/catvod?id=CCTV4&line=7, From: subscribe, IPv_Type: ipv4, Location: 美国-加利福尼亚州-洛杉矶, ISP: IT7网络, Date: None, Delay: 64 ms, Speed: 15.54 M/s, Resolution: 1920x1080
Name: CCTV-4, URL: https://iptv.catvod.com/catvod?id=CCTV4%E7%BE%8E%E6%B4%B2&line=1, From: subscribe, IPv_Type: ipv4, Location: 美国-加利福尼亚州-洛杉矶, ISP: IT7网络, Date: None, Delay: 78 ms, Speed: 15.37 M/s, Resolution: 1920x1080
Name: CCTV-4, URL: https://iptv.catvod.com/catvod?id=CCTV4K%E8%B6%85%E9%AB%98%E6%B8%85&line=1, From: subscribe, IPv_Type: ipv4, Location: 美国-加利福尼亚州-洛杉矶, ISP: IT7网络, Date: None, Delay: 71 ms, Speed: 15.31 M/s, Resolution: 1920x1080
Name: CCTV-4, URL: https://iptv.catvod.com/catvod?id=CCTV4&line=1, From: subscribe, IPv_Type: ipv4, Location: 美国-加利福尼亚州-洛杉矶, ISP: IT7网络, Date: None, Delay: 75 ms, Speed: 15.04 M/s, Resolution: 1920x1080
Name: CCTV-4, URL: https://iptv.catvod.com/catvod?id=CCTV4&line=10, From: subscribe, IPv_Type: ipv4, Location: 美国-加利福尼亚州-洛杉矶, ISP: IT7网络, Date: None, Delay: 66 ms, Speed: 14.99 M/s, Resolution: 1920x1080
Name: CCTV-4, URL: https://iptv.catvod.com/catvod?id=CCTV4&line=14, From: subscribe, IPv_Type: ipv4, Location: 美国-加利福尼亚州-洛杉矶, ISP: IT7网络, Date: None, Delay: 77 ms, Speed: 14.89 M/s, Resolution: 1920x1080
Name: CCTV-4, URL: https://iptv.catvod.com/catvod?id=CCTV4&line=2, From: subscribe, IPv_Type: ipv4, Location: 美国-加利福尼亚州-洛杉矶, ISP: IT7网络, Date: None, Delay: 70 ms, Speed: 14.82 M/s, Resolution: 1920x1080
Name: CCTV-4, URL: https://iptv.catvod.com/catvod?id=CCTV4&line=6, From: subscribe, IPv_Type: ipv4, Location: 美国-加利福尼亚州-洛杉矶, ISP: IT7网络, Date: None, Delay: 63 ms, Speed: 14.69 M/s, Resolution: 1920x1080
Name: CCTV-4, URL: https://iptv.catvod.com/catvod?id=CCTV4&line=11, From: subscribe, IPv_Type: ipv4, Location: 美国-加利福尼亚州-洛杉矶, ISP: IT7网络, Date: None, Delay: 71 ms, Speed: 14.45 M/s, Resolution: 1920x1080
Name: CCTV-4, URL: https://iptv.catvod.com/catvod?id=CCTV4K%E8%B6%85%E9%AB%98%E6%B8%85&line=2, From: subscribe, IPv_Type: ipv4, Location: 美国-加利福尼亚州-洛杉矶, ISP: IT7网络, Date: None, Delay: 69 ms, Speed: 14.43 M/s, Resolution: 1920x1080
Name: CCTV-4, URL: https://iptv.catvod.com/catvod?id=CCTV4&line=12, From: subscribe, IPv_Type: ipv4, Location: 美国-加利福尼亚州-洛杉矶, ISP: IT7网络, Date: None, Delay: 75 ms, Speed: 14.23 M/s, Resolution: 1920x1080
Name: CCTV-4, URL: https://iptv.catvod.com/catvod?id=CCTV4&line=15, From: subscribe, IPv_Type: ipv4, Location: 美国-加利福尼亚州-洛杉矶, ISP: IT7网络, Date: None, Delay: 71 ms, Speed: 14.10 M/s, Resolution: 1920x1080
Name: CCTV-4, URL: https://iptv.catvod.com/catvod?id=CCTV4&line=8, From: subscribe, IPv_Type: ipv4, Location: 美国-加利福尼亚州-洛杉矶, ISP: IT7网络, Date: None, Delay: 70 ms, Speed: 14.05 M/s, Resolution: 1920x1080
Name: CCTV-4, URL: https://iptv.catvod.com/catvod?id=CCTV4&line=3, From: subscribe, IPv_Type: ipv4, Location: 美国-加利福尼亚州-洛杉矶, ISP: IT7网络, Date: None, Delay: 67 ms, Speed: 13.83 M/s, Resolution: 1920x1080
Name: CCTV-4, URL: https://iptv.catvod.com/catvod?id=CCTV4&line=5, From: subscribe, IPv_Type: ipv4, Location: 美国-加利福尼亚州-洛杉矶, ISP: IT7网络, Date: None, Delay: 81 ms, Speed: 13.69 M/s, Resolution: 1920x1080
Name: CCTV-4, URL: https://iptv.catvod.com/catvod?id=CCTV4&line=9, From: subscribe, IPv_Type: ipv4, Location: 美国-加利福尼亚州-洛杉矶, ISP: IT7网络, Date: None, Delay: 84 ms, Speed: 12.57 M/s, Resolution: 1920x1080
Name: CCTV-4, URL: http://38.75.136.137:98/gslb/dsdqbv/cctv4hd.m3u8?auth=test20251009, From: subscribe, IPv_Type: ipv4, Location: 美国-伊利诺伊州-库克, ISP: Cogent, Date: None, Delay: 4922 ms, Speed: 0.86 M/s, Resolution: 1920x1080
Name: CCTV-5, URL: https://iptv.catvod.com/live.php?id=CCTV5&line=15, From: subscribe, IPv_Type: ipv4, Location: 美国-加利福尼亚州-洛杉矶, ISP: IT7网络, Date: None, Delay: 73 ms, Speed: 13.37 M/s, Resolution: 1920x1080
Name: CCTV-5, URL: https://iptv.catvod.com/live.php?id=CCTV5&line=13, From: subscribe, IPv_Type: ipv4, Location: 美国-加利福尼亚州-洛杉矶, ISP: IT7网络, Date: None, Delay: 87 ms, Speed: 12.29 M/s, Resolution: 1920x1080
Name: CCTV-5, URL: https://iptv.catvod.com/live.php?id=CCTV5&line=14, From: subscribe, IPv_Type: ipv4, Location: 美国-加利福尼亚州-洛杉矶, ISP: IT7网络, Date: None, Delay: 89 ms, Speed: 12.17 M/s, Resolution: 1920x1080
Name: CCTV-5, URL: http://38.75.136.137:98/gslb/dsdqbv/cctv5p.m3u8?auth=test20251009, From: subscribe, IPv_Type: ipv4, Location: 美国-伊利诺伊州-库克, ISP: Cogent, Date: None, Delay: 3718 ms, Speed: 1.16 M/s, Resolution: 1920x1080
Name: CCTV-6, URL: https://iptv.catvod.com/catvod?id=CCTV6&line=14, From: subscribe, IPv_Type: ipv4, Location: 美国-加利福尼亚州-洛杉矶, ISP: IT7网络, Date: None, Delay: 64 ms, Speed: 16.10 M/s, Resolution: 1920x1080
Name: CCTV-6, URL: https://iptv.catvod.com/catvod?id=CCTV6&line=11, From: subscribe, IPv_Type: ipv4, Location: 美国-加利福尼亚州-洛杉矶, ISP: IT7网络, Date: None, Delay: 62 ms, Speed: 16.05 M/s, Resolution: 1920x1080
Name: CCTV-6, URL: https://iptv.catvod.com/catvod?id=CCTV6&line=9, From: subscribe, IPv_Type: ipv4, Location: 美国-加利福尼亚州-洛杉矶, ISP: IT7网络, Date: None, Delay: 63 ms, Speed: 16.02 M/s, Resolution: 1920x1080
Name: CCTV-6, URL: https://iptv.catvod.com/catvod?id=CCTV6&line=8, From: subscribe, IPv_Type: ipv4, Location: 美国-加利福尼亚州-洛杉矶, ISP: IT7网络, Date: None, Delay: 68 ms, Speed: 16.00 M/s, Resolution: 1920x1080
Name: CCTV-6, URL: https://iptv.catvod.com/catvod?id=CCTV6&line=10, From: subscribe, IPv_Type: ipv4, Location: 美国-加利福尼亚州-洛杉矶, ISP: IT7网络, Date: None, Delay: 70 ms, Speed: 15.90 M/s, Resolution: 1920x1080
Name: CCTV-6, URL: https://iptv.catvod.com/catvod?id=CCTV6&line=12, From: subscribe, IPv_Type: ipv4, Location: 美国-加利福尼亚州-洛杉矶, ISP: IT7网络, Date: None, Delay: 73 ms, Speed: 14.95 M/s, Resolution: 1920x1080
Name: CCTV-6, URL: http://38.75.136.137:98/gslb/dsdqbv/cctv6hd.m3u8?auth=test20251009, From: subscribe, IPv_Type: ipv4, Location: 美国-伊利诺伊州-库克, ISP: Cogent, Date: None, Delay: 1229 ms, Speed: 3.76 M/s, Resolution: 1920x1080
Name: CCTV-7, URL: https://iptv.catvod.com/catvod?id=CCTV7&line=1, From: subscribe, IPv_Type: ipv4, Location: 美国-加利福尼亚州-洛杉矶, ISP: IT7网络, Date: None, Delay: 61 ms, Speed: 16.30 M/s, Resolution: 1920x1080
Name: CCTV-7, URL: https://iptv.catvod.com/catvod?id=CCTV7&line=8, From: subscribe, IPv_Type: ipv4, Location: 美国-加利福尼亚州-洛杉矶, ISP: IT7网络, Date: None, Delay: 64 ms, Speed: 16.15 M/s, Resolution: 1920x1080
Name: CCTV-7, URL: https://iptv.catvod.com/catvod?id=CCTV7&line=3, From: subscribe, IPv_Type: ipv4, Location: 美国-加利福尼亚州-洛杉矶, ISP: IT7网络, Date: None, Delay: 66 ms, Speed: 16.08 M/s, Resolution: 1920x1080
Name: CCTV-7, URL: https://iptv.catvod.com/catvod?id=CCTV7&line=5, From: subscribe, IPv_Type: ipv4, Location: 美国-加利福尼亚州-洛杉矶, ISP: IT7网络, Date: None, Delay: 63 ms, Speed: 15.95 M/s, Resolution: 1920x1080
Name: CCTV-7, URL: https://iptv.catvod.com/catvod?id=CCTV7&line=6, From: subscribe, IPv_Type: ipv4, Location: 美国-加利福尼亚州-洛杉矶, ISP: IT7网络, Date: None, Delay: 61 ms, Speed: 15.92 M/s, Resolution: 1920x1080
Name: CCTV-7, URL: https://iptv.catvod.com/catvod?id=CCTV7&line=9, From: subscribe, IPv_Type: ipv4, Location: 美国-加利福尼亚州-洛杉矶, ISP: IT7网络, Date: None, Delay: 62 ms, Speed: 15.46 M/s, Resolution: 1920x1080
Name: CCTV-7, URL: https://iptv.catvod.com/catvod?id=CCTV7&line=4, From: subscribe, IPv_Type: ipv4, Location: 美国-加利福尼亚州-洛杉矶, ISP: IT7网络, Date: None, Delay: 67 ms, Speed: 15.23 M/s, Resolution: 1920x1080
Name: CCTV-7, URL: https://iptv.catvod.com/catvod?id=CCTV7&line=2, From: subscribe, IPv_Type: ipv4, Location: 美国-加利福尼亚州-洛杉矶, ISP: IT7网络, Date: None, Delay: 66 ms, Speed: 15.22 M/s, Resolution: 1920x1080
Name: CCTV-7, URL: https://iptv.catvod.com/catvod?id=CCTV7&line=7, From: subscribe, IPv_Type: ipv4, Location: 美国-加利福尼亚州-洛杉矶, ISP: IT7网络, Date: None, Delay: 67 ms, Speed: 15.15 M/s, Resolution: 1920x1080
Name: CCTV-7, URL: http://38.75.136.137:98/gslb/dsdqbv/cctv7hd.m3u8?auth=test20251009, From: subscribe, IPv_Type: ipv4, Location: 美国-伊利诺伊州-库克, ISP: Cogent, Date: None, Delay: 5315 ms, Speed: 0.88 M/s, Resolution: 1920x1080
Name: CCTV-8, URL: https://iptv.catvod.com/catvod?id=CCTV8&line=8, From: subscribe, IPv_Type: ipv4, Location: 美国-加利福尼亚州-洛杉矶, ISP: IT7网络, Date: None, Delay: 67 ms, Speed: 16.17 M/s, Resolution: 1920x1080
Name: CCTV-8, URL: https://iptv.catvod.com/catvod?id=CCTV8&line=3, From: subscribe, IPv_Type: ipv4, Location: 美国-加利福尼亚州-洛杉矶, ISP: IT7网络, Date: None, Delay: 78 ms, Speed: 14.24 M/s, Resolution: 1920x1080
Name: CCTV-8, URL: https://iptv.catvod.com/catvod?id=CCTV8K%E8%B6%85%E9%AB%98%E6%B8%85&line=1, From: subscribe, IPv_Type: ipv4, Location: 美国-加利福尼亚州-洛杉矶, ISP: IT7网络, Date: None, Delay: 78 ms, Speed: 14.11 M/s, Resolution: 1920x1080
Name: CCTV-8, URL: https://iptv.catvod.com/catvod?id=CCTV8K%E8%B6%85%E9%AB%98%E6%B8%85&line=2, From: subscribe, IPv_Type: ipv4, Location: 美国-加利福尼亚州-洛杉矶, ISP: IT7网络, Date: None, Delay: 73 ms, Speed: 13.64 M/s, Resolution: 1920x1080
Name: CCTV-8, URL: https://iptv.catvod.com/catvod?id=CCTV8&line=9, From: subscribe, IPv_Type: ipv4, Location: 美国-加利福尼亚州-洛杉矶, ISP: IT7网络, Date: None, Delay: 89 ms, Speed: 13.42 M/s, Resolution: 1920x1080
Name: CCTV-8, URL: https://iptv.catvod.com/catvod?id=CCTV8&line=12, From: subscribe, IPv_Type: ipv4, Location: 美国-加利福尼亚州-洛杉矶, ISP: IT7网络, Date: None, Delay: 70 ms, Speed: 13.19 M/s, Resolution: 1920x1080
Name: CCTV-8, URL: https://iptv.catvod.com/catvod?id=CCTV8&line=13, From: subscribe, IPv_Type: ipv4, Location: 美国-加利福尼亚州-洛杉矶, ISP: IT7网络, Date: None, Delay: 71 ms, Speed: 12.54 M/s, Resolution: 1920x1080
Name: CCTV-8, URL: https://iptv.catvod.com/catvod?id=CCTV8&line=4, From: subscribe, IPv_Type: ipv4, Location: 美国-加利福尼亚州-洛杉矶, ISP: IT7网络, Date: None, Delay: 90 ms, Speed: 12.45 M/s, Resolution: 1920x1080
Name: CCTV-8, URL: https://iptv.catvod.com/catvod?id=CCTV8&line=5, From: subscribe, IPv_Type: ipv4, Location: 美国-加利福尼亚州-洛杉矶, ISP: IT7网络, Date: None, Delay: 91 ms, Speed: 11.61 M/s, Resolution: 1920x1080
Name: CCTV-8, URL: https://iptv.catvod.com/live.php?id=CCTV8K%E8%B6%85%E9%AB%98%E6%B8%85&line=2, From: subscribe, IPv_Type: ipv4, Location: 美国-加利福尼亚州-洛杉矶, ISP: IT7网络, Date: None, Delay: 85 ms, Speed: 11.54 M/s, Resolution: 1920x1080
Name: CCTV-8, URL: https://iptv.catvod.com/catvod?id=CCTV8&line=7, From: subscribe, IPv_Type: ipv4, Location: 美国-加利福尼亚州-洛杉矶, ISP: IT7网络, Date: None, Delay: 84 ms, Speed: 11.53 M/s, Resolution: 1920x1080
Name: CCTV-8, URL: http://63.141.230.178:82/gslb/zbdq5.m3u8?id=cctv8hd, From: subscribe, IPv_Type: ipv4, Location: 美国, ISP: , Date: None, Delay: 399 ms, Speed: 2.26 M/s, Resolution: 1920x1080
Name: CCTV-9, URL: https://iptv.catvod.com/catvod?id=CCTV9&line=8, From: subscribe, IPv_Type: ipv4, Location: 美国-加利福尼亚州-洛杉矶, ISP: IT7网络, Date: None, Delay: 69 ms, Speed: 15.07 M/s, Resolution: 1920x1080
Name: CCTV-9, URL: http://38.75.136.137:98/gslb/dsdqbv/cctv9hd.m3u8?auth=test20251009, From: subscribe, IPv_Type: ipv4, Location: 美国-伊利诺伊州-库克, ISP: Cogent, Date: None, Delay: 4446 ms, Speed: 1.18 M/s, Resolution: 1920x1080
Name: CCTV-9, URL: https://v4-702cae17a28d6e4f0c0002bba021d934.livehwc4.com/play.kankanlive.com/live/1698423397390920.m3u8?sub_m3u8=true&edge_slice=true&user_session_id=910ec988ef27e511059eb5aa1308244e, From: subscribe, IPv_Type: ipv4, Location: 中国-广西, ISP: 电信, Date: None, Delay: 1484 ms, Speed: 0.13 M/s, Resolution: 720x576
Name: CCTV-10, URL: https://iptv.catvod.com/catvod?id=CCTV10&line=9, From: subscribe, IPv_Type: ipv4, Location: 美国-加利福尼亚州-洛杉矶, ISP: IT7网络, Date: None, Delay: 64 ms, Speed: 15.98 M/s, Resolution: 1920x1080
Name: CCTV-10, URL: https://iptv.catvod.com/catvod?id=CCTV10&line=7, From: subscribe, IPv_Type: ipv4, Location: 美国-加利福尼亚州-洛杉矶, ISP: IT7网络, Date: None, Delay: 72 ms, Speed: 13.71 M/s, Resolution: 1920x1080
Name: CCTV-10, URL: https://iptv.catvod.com/catvod?id=CCTV10&line=5, From: subscribe, IPv_Type: ipv4, Location: 美国-加利福尼亚州-洛杉矶, ISP: IT7网络, Date: None, Delay: 75 ms, Speed: 13.71 M/s, Resolution: 1920x1080
Name: CCTV-10, URL: https://iptv.catvod.com/catvod?id=CCTV10&line=3, From: subscribe, IPv_Type: ipv4, Location: 美国-加利福尼亚州-洛杉矶, ISP: IT7网络, Date: None, Delay: 81 ms, Speed: 11.79 M/s, Resolution: 1920x1080
Name: CCTV-10, URL: https://iptv.catvod.com/catvod?id=CCTV10&line=2, From: subscribe, IPv_Type: ipv4, Location: 美国-加利福尼亚州-洛杉矶, ISP: IT7网络, Date: None, Delay: 97 ms, Speed: 11.35 M/s, Resolution: 1920x1080
Name: CCTV-10, URL: https://iptv.catvod.com/catvod?id=CCTV10&line=4, From: subscribe, IPv_Type: ipv4, Location: 美国-加利福尼亚州-洛杉矶, ISP: IT7网络, Date: None, Delay: 99 ms, Speed: 11.12 M/s, Resolution: 1920x1080
Name: CCTV-11, URL: https://iptv.catvod.com/catvod?id=CCTV11&line=4, From: subscribe, IPv_Type: ipv4, Location: 美国-加利福尼亚州-洛杉矶, ISP: IT7网络, Date: None, Delay: 70 ms, Speed: 14.02 M/s, Resolution: 1920x1080
Name: CCTV-11, URL: https://iptv.catvod.com/catvod?id=CCTV11&line=3, From: subscribe, IPv_Type: ipv4, Location: 美国-加利福尼亚州-洛杉矶, ISP: IT7网络, Date: None, Delay: 103 ms, Speed: 12.98 M/s, Resolution: 1920x1080
Name: CCTV-11, URL: https://iptv.catvod.com/catvod?id=CCTV11&line=6, From: subscribe, IPv_Type: ipv4, Location: 美国-加利福尼亚州-洛杉矶, ISP: IT7网络, Date: None, Delay: 86 ms, Speed: 12.19 M/s, Resolution: 1920x1080
Name: CCTV-12, URL: https://iptv.catvod.com/catvod?id=CCTV12&line=5, From: subscribe, IPv_Type: ipv4, Location: 美国-加利福尼亚州-洛杉矶, ISP: IT7网络, Date: None, Delay: 66 ms, Speed: 15.16 M/s, Resolution: 1920x1080
Name: CCTV-12, URL: https://iptv.catvod.com/catvod?id=CCTV12&line=1, From: subscribe, IPv_Type: ipv4, Location: 美国-加利福尼亚州-洛杉矶, ISP: IT7网络, Date: None, Delay: 68 ms, Speed: 15.14 M/s, Resolution: 1920x1080
Name: CCTV-12, URL: https://iptv.catvod.com/catvod?id=CCTV12&line=3, From: subscribe, IPv_Type: ipv4, Location: 美国-加利福尼亚州-洛杉矶, ISP: IT7网络, Date: None, Delay: 70 ms, Speed: 14.30 M/s, Resolution: 1920x1080
Name: CCTV-12, URL: https://iptv.catvod.com/catvod?id=CCTV12&line=2, From: subscribe, IPv_Type: ipv4, Location: 美国-加利福尼亚州-洛杉矶, ISP: IT7网络, Date: None, Delay: 76 ms, Speed: 14.16 M/s, Resolution: 1920x1080
Name: CCTV-12, URL: https://iptv.catvod.com/catvod?id=CCTV12&line=8, From: subscribe, IPv_Type: ipv4, Location: 美国-加利福尼亚州-洛杉矶, ISP: IT7网络, Date: None, Delay: 79 ms, Speed: 12.47 M/s, Resolution: 1920x1080
Name: CCTV-12, URL: https://iptv.catvod.com/catvod?id=CCTV12&line=6, From: subscribe, IPv_Type: ipv4, Location: 美国-加利福尼亚州-洛杉矶, ISP: IT7网络, Date: None, Delay: 93 ms, Speed: 12.18 M/s, Resolution: 1920x1080
Name: CCTV-12, URL: https://iptv.catvod.com/catvod?id=CCTV12&line=7, From: subscribe, IPv_Type: ipv4, Location: 美国-加利福尼亚州-洛杉矶, ISP: IT7网络, Date: None, Delay: 87 ms, Speed: 12.09 M/s, Resolution: 1920x1080
Name: CCTV-12, URL: https://iptv.catvod.com/catvod?id=CCTV12&line=4, From: subscribe, IPv_Type: ipv4, Location: 美国-加利福尼亚州-洛杉矶, ISP: IT7网络, Date: None, Delay: 96 ms, Speed: 11.19 M/s, Resolution: 1920x1080
Name: CCTV-12, URL: http://63.141.230.178:82/gslb/zbdq5.m3u8?id=cctv12hd, From: subscribe, IPv_Type: ipv4, Location: 美国, ISP: , Date: None, Delay: 796 ms, Speed: 6.22 M/s, Resolution: 1920x1080
Name: CCTV-13, URL: https://iptv.catvod.com/catvod?id=CCTV13&line=12, From: subscribe, IPv_Type: ipv4, Location: 美国-加利福尼亚州-洛杉矶, ISP: IT7网络, Date: None, Delay: 63 ms, Speed: 16.60 M/s, Resolution: 1920x1080
Name: CCTV-13, URL: https://iptv.catvod.com/catvod?id=CCTV13&line=3, From: subscribe, IPv_Type: ipv4, Location: 美国-加利福尼亚州-洛杉矶, ISP: IT7网络, Date: None, Delay: 63 ms, Speed: 15.46 M/s, Resolution: 1920x1080
Name: CCTV-13, URL: https://iptv.catvod.com/catvod?id=CCTV13&line=8, From: subscribe, IPv_Type: ipv4, Location: 美国-加利福尼亚州-洛杉矶, ISP: IT7网络, Date: None, Delay: 64 ms, Speed: 15.07 M/s, Resolution: 1920x1080
Name: CCTV-13, URL: https://iptv.catvod.com/catvod?id=CCTV13&line=5, From: subscribe, IPv_Type: ipv4, Location: 美国-加利福尼亚州-洛杉矶, ISP: IT7网络, Date: None, Delay: 69 ms, Speed: 13.77 M/s, Resolution: 1920x1080
Name: CCTV-13, URL: https://iptv.catvod.com/catvod?id=CCTV13&line=10, From: subscribe, IPv_Type: ipv4, Location: 美国-加利福尼亚州-洛杉矶, ISP: IT7网络, Date: None, Delay: 74 ms, Speed: 13.32 M/s, Resolution: 1920x1080
Name: CCTV-13, URL: https://iptv.catvod.com/catvod?id=CCTV13&line=11, From: subscribe, IPv_Type: ipv4, Location: 美国-加利福尼亚州-洛杉矶, ISP: IT7网络, Date: None, Delay: 89 ms, Speed: 12.82 M/s, Resolution: 1920x1080
Name: CCTV-13, URL: https://iptv.catvod.com/catvod?id=CCTV13&line=9, From: subscribe, IPv_Type: ipv4, Location: 美国-加利福尼亚州-洛杉矶, ISP: IT7网络, Date: None, Delay: 75 ms, Speed: 12.75 M/s, Resolution: 1920x1080
Name: CCTV-13, URL: https://iptv.catvod.com/catvod?id=CCTV13&line=4, From: subscribe, IPv_Type: ipv4, Location: 美国-加利福尼亚州-洛杉矶, ISP: IT7网络, Date: None, Delay: 91 ms, Speed: 12.10 M/s, Resolution: 1920x1080
Name: CCTV-13, URL: https://iptv.catvod.com/catvod?id=CCTV13&line=1, From: subscribe, IPv_Type: ipv4, Location: 美国-加利福尼亚州-洛杉矶, ISP: IT7网络, Date: None, Delay: 81 ms, Speed: 11.99 M/s, Resolution: 1920x1080
Name: CCTV-13, URL: https://iptv.catvod.com/catvod?id=CCTV13&line=7, From: subscribe, IPv_Type: ipv4, Location: 美国-加利福尼亚州-洛杉矶, ISP: IT7网络, Date: None, Delay: 83 ms, Speed: 11.77 M/s, Resolution: 1920x1080
Name: CCTV-13, URL: https://iptv.catvod.com/catvod?id=CCTV13&line=2, From: subscribe, IPv_Type: ipv4, Location: 美国-加利福尼亚州-洛杉矶, ISP: IT7网络, Date: None, Delay: 83 ms, Speed: 11.61 M/s, Resolution: 1920x1080
Name: CCTV-13, URL: https://iptv.catvod.com/catvod?id=CCTV13&line=6, From: subscribe, IPv_Type: ipv4, Location: 美国-加利福尼亚州-洛杉矶, ISP: IT7网络, Date: None, Delay: 102 ms, Speed: 10.67 M/s, Resolution: 1920x1080
Name: CCTV-13, URL: https://event.pull.hebtv.com/jishi/cp1.m3u8, From: subscribe, IPv_Type: ipv6, Location: 中国, ISP: 中国电信, Date: None, Delay: 3099 ms, Speed: 0.93 M/s, Resolution: 1920x1080
Name: CCTV-13, URL: http://pull-hls-f11.douyincdn.com/media/stream-695714359383425708.m3u8?arch_hrchy=w1&exp_hrchy=w1&expire=1777628651&major_anchor_level=common&neq=1&sign=8b16cc180ce95c845219f8cccdcb9b5b&t_id=037-202604241744105DB92CAAEC4993C5B1D5-5dxGqL, From: subscribe, IPv_Type: ipv6, Location: 中国, ISP: 中国联通, Date: None, Delay: 2286 ms, Speed: 0.84 M/s, Resolution: 1920x1080
Name: CCTV-16, URL: https://iptv.catvod.com/catvod?id=CCTV16&line=1, From: subscribe, IPv_Type: ipv4, Location: 美国-加利福尼亚州-洛杉矶, ISP: IT7网络, Date: None, Delay: 68 ms, Speed: 15.00 M/s, Resolution: 1920x1080
Name: CCTV-16, URL: https://iptv.catvod.com/catvod?id=CCTV16&line=2, From: subscribe, IPv_Type: ipv4, Location: 美国-加利福尼亚州-洛杉矶, ISP: IT7网络, Date: None, Delay: 71 ms, Speed: 14.14 M/s, Resolution: 1920x1080
Name: CCTV-16, URL: http://38.75.136.137:98/gslb/dsdqbv/cctv16hd.m3u8?auth=test20251009, From: subscribe, IPv_Type: ipv4, Location: 美国-伊利诺伊州-库克, ISP: Cogent, Date: None, Delay: 3906 ms, Speed: 1.46 M/s, Resolution: 1920x1080
Name: CCTV-17, URL: https://iptv.catvod.com/catvod?id=CCTV17&line=3, From: subscribe, IPv_Type: ipv4, Location: 美国-加利福尼亚州-洛杉矶, ISP: IT7网络, Date: None, Delay: 60 ms, Speed: 16.02 M/s, Resolution: 1920x1080
Name: CCTV-17, URL: https://iptv.catvod.com/catvod?id=CCTV17&line=4, From: subscribe, IPv_Type: ipv4, Location: 美国-加利福尼亚州-洛杉矶, ISP: IT7网络, Date: None, Delay: 59 ms, Speed: 15.88 M/s, Resolution: 1920x1080
Name: CCTV-17, URL: https://iptv.catvod.com/catvod?id=CCTV17&line=7, From: subscribe, IPv_Type: ipv4, Location: 美国-加利福尼亚州-洛杉矶, ISP: IT7网络, Date: None, Delay: 70 ms, Speed: 14.76 M/s, Resolution: 1920x1080
Name: CCTV-17, URL: https://iptv.catvod.com/catvod?id=CCTV17&line=5, From: subscribe, IPv_Type: ipv4, Location: 美国-加利福尼亚州-洛杉矶, ISP: IT7网络, Date: None, Delay: 66 ms, Speed: 14.31 M/s, Resolution: 1920x1080
Name: CCTV-17, URL: https://iptv.catvod.com/catvod?id=CCTV17&line=6, From: subscribe, IPv_Type: ipv4, Location: 美国-加利福尼亚州-洛杉矶, ISP: IT7网络, Date: None, Delay: 70 ms, Speed: 14.05 M/s, Resolution: 1920x1080
Name: CCTV-17, URL: http://38.75.136.137:98/gslb/dsdqbv/cctv17hd.m3u8?auth=test20251009, From: subscribe, IPv_Type: ipv4, Location: 美国-伊利诺伊州-库克, ISP: Cogent, Date: None, Delay: 5923 ms, Speed: 0.86 M/s, Resolution: 1920x1080
Name: CETV-1, URL: https://iptv.catvod.com/catvod?id=CETV1&line=1, From: subscribe, IPv_Type: ipv4, Location: 美国-加利福尼亚州-洛杉矶, ISP: IT7网络, Date: None, Delay: 58 ms, Speed: 16.53 M/s, Resolution: 1920x1080
Name: CETV-1, URL: https://iptv.catvod.com/catvod?id=CETV1&line=4, From: subscribe, IPv_Type: ipv4, Location: 美国-加利福尼亚州-洛杉矶, ISP: IT7网络, Date: None, Delay: 68 ms, Speed: 14.45 M/s, Resolution: 1920x1080
Name: CETV-1, URL: https://iptv.catvod.com/catvod?id=CETV1&line=5, From: subscribe, IPv_Type: ipv4, Location: 美国-加利福尼亚州-洛杉矶, ISP: IT7网络, Date: None, Delay: 68 ms, Speed: 13.99 M/s, Resolution: 1920x1080
Name: CETV-1, URL: https://iptv.catvod.com/catvod?id=CETV1&line=3, From: subscribe, IPv_Type: ipv4, Location: 美国-加利福尼亚州-洛杉矶, ISP: IT7网络, Date: None, Delay: 77 ms, Speed: 13.98 M/s, Resolution: 1920x1080
Name: CETV-1, URL: https://iptv.catvod.com/catvod?id=CETV1&line=2, From: subscribe, IPv_Type: ipv4, Location: 美国-加利福尼亚州-洛杉矶, ISP: IT7网络, Date: None, Delay: 66 ms, Speed: 13.15 M/s, Resolution: 1920x1080
Name: CETV-1, URL: http://63.141.230.178:82/gslb/zbdq5.m3u8?id=cetv1hd, From: subscribe, IPv_Type: ipv4, Location: 美国, ISP: , Date: None, Delay: 1323 ms, Speed: 3.84 M/s, Resolution: 1920x1080
Name: CETV-2, URL: https://iptv.catvod.com/catvod?id=CETV2&line=5, From: subscribe, IPv_Type: ipv4, Location: 美国-加利福尼亚州-洛杉矶, ISP: IT7网络, Date: None, Delay: 61 ms, Speed: 16.78 M/s, Resolution: 1920x1080
Name: CETV-3, URL: https://piccpndali.v.myalicdn.com/audio/cetv3_2.m3u8, From: subscribe, IPv_Type: ipv4, Location: 美国, ISP: 阿里云, Date: None, Delay: 2436 ms, Speed: 0.09 M/s, Resolution: None
Name: 文化精品, URL: http://38.75.136.137:98/gslb/dsdqpub/ysjp.m3u8?auth=testpub, From: subscribe, IPv_Type: ipv4, Location: 美国-伊利诺伊州-库克, ISP: Cogent, Date: None, Delay: 4586 ms, Speed: 0.93 M/s, Resolution: 1920x1080
Name: 央视台球, URL: http://38.75.136.137:98/gslb/dsdqpub/ystq.m3u8?auth=testpub, From: subscribe, IPv_Type: ipv4, Location: 美国-伊利诺伊州-库克, ISP: Cogent, Date: None, Delay: 10838 ms, Speed: 0.32 M/s, Resolution: 1920x1080
Name: 风云音乐, URL: http://38.75.136.137:98/gslb/dsdqpub/fyyy.m3u8?auth=testpub, From: subscribe, IPv_Type: ipv4, Location: 美国-伊利诺伊州-库克, ISP: Cogent, Date: None, Delay: 612 ms, Speed: 7.14 M/s, Resolution: 1920x1080
Name: 第一剧场, URL: http://38.75.136.137:98/gslb/dsdqpub/dyjc.m3u8?auth=testpub, From: subscribe, IPv_Type: ipv4, Location: 美国-伊利诺伊州-库克, ISP: Cogent, Date: None, Delay: 1441 ms, Speed: 3.81 M/s, Resolution: 1920x1080
Name: 高尔夫网球, URL: http://38.75.136.137:98/gslb/dsdqpub/gefwq.m3u8?auth=testpub, From: subscribe, IPv_Type: ipv4, Location: 美国-伊利诺伊州-库克, ISP: Cogent, Date: None, Delay: 378 ms, Speed: 1.53 M/s, Resolution: 1920x1080
Name: 风云足球, URL: http://38.75.136.137:98/gslb/dsdqpub/fyzq.m3u8?auth=testpub, From: subscribe, IPv_Type: ipv4, Location: 美国-伊利诺伊州-库克, ISP: Cogent, Date: None, Delay: 428 ms, Speed: 2.32 M/s, Resolution: 1920x1080
Name: 电视指南, URL: http://38.75.136.137:98/gslb/dsdqpub/dszn.m3u8?auth=testpub, From: subscribe, IPv_Type: ipv4, Location: 美国-伊利诺伊州-库克, ISP: Cogent, Date: None, Delay: 782 ms, Speed: 5.01 M/s, Resolution: 1920x1080
Name: 世界地理, URL: http://38.75.136.137:98/gslb/dsdqpub/sjdl.m3u8?auth=testpub, From: subscribe, IPv_Type: ipv4, Location: 美国-伊利诺伊州-库克, ISP: Cogent, Date: None, Delay: 425 ms, Speed: 2.41 M/s, Resolution: 1920x1080
Name: 兵器科技, URL: http://38.75.136.137:98/gslb/dsdqpub/gfjs.m3u8?auth=testpub, From: subscribe, IPv_Type: ipv4, Location: 美国-伊利诺伊州-库克, ISP: Cogent, Date: None, Delay: 370 ms, Speed: 1.32 M/s, Resolution: 1920x1080
Name: 广东卫视, URL: http://63.141.230.178:82/gslb/zbdq5.m3u8?id=gdwshd, From: subscribe, IPv_Type: ipv4, Location: 美国, ISP: , Date: None, Delay: 2161 ms, Speed: 2.03 M/s, Resolution: 1920x1080
Name: 湖南卫视, URL: https://iptv.catvod.com/catvod?id=%E6%B9%96%E5%8D%97%E5%8D%AB%E8%A7%86&line=4, From: subscribe, IPv_Type: ipv4, Location: 美国-加利福尼亚州-洛杉矶, ISP: IT7网络, Date: None, Delay: 65 ms, Speed: 15.65 M/s, Resolution: 1920x1080
Name: 湖南卫视, URL: https://iptv.catvod.com/catvod?id=%E6%B9%96%E5%8D%97%E5%8D%AB%E8%A7%86&line=3, From: subscribe, IPv_Type: ipv4, Location: 美国-加利福尼亚州-洛杉矶, ISP: IT7网络, Date: None, Delay: 60 ms, Speed: 15.48 M/s, Resolution: 1920x1080
Name: 湖南卫视, URL: https://iptv.catvod.com/catvod?id=%E6%B9%96%E5%8D%97%E5%8D%AB%E8%A7%86&line=2, From: subscribe, IPv_Type: ipv4, Location: 美国-加利福尼亚州-洛杉矶, ISP: IT7网络, Date: None, Delay: 65 ms, Speed: 15.37 M/s, Resolution: 1920x1080
Name: 湖南卫视, URL: https://iptv.catvod.com/catvod?id=%E6%B9%96%E5%8D%97%E5%8D%AB%E8%A7%86&line=1, From: subscribe, IPv_Type: ipv4, Location: 美国-加利福尼亚州-洛杉矶, ISP: IT7网络, Date: None, Delay: 68 ms, Speed: 14.82 M/s, Resolution: 1920x1080
Name: 湖南卫视, URL: http://63.141.230.178:82/gslb/zbdq5.m3u8?id=hnwshd, From: subscribe, IPv_Type: ipv4, Location: 美国, ISP: , Date: None, Delay: 604 ms, Speed: 8.72 M/s, Resolution: 1920x1080
Name: 湖南卫视, URL: http://38.75.136.137:98/gslb/dsdqbv/hnwshd.m3u8?auth=test20251009, From: subscribe, IPv_Type: ipv4, Location: 美国-伊利诺伊州-库克, ISP: Cogent, Date: None, Delay: 2219 ms, Speed: 2.37 M/s, Resolution: 1920x1080
Name: 湖南卫视, URL: http://satellitepull.cnr.cn/live/wx32hunws/playlist.m3u8, From: subscribe, IPv_Type: ipv4, Location: 美国-新泽西州-摩里斯, ISP: Linode, Date: None, Delay: 39 ms, Speed: 2.35 M/s, Resolution: None
Name: 北京卫视, URL: https://iptv.catvod.com/catvod?id=%E5%8C%97%E4%BA%AC%E5%8D%AB%E8%A7%86&line=6, From: subscribe, IPv_Type: ipv4, Location: 美国-加利福尼亚州-洛杉矶, ISP: IT7网络, Date: None, Delay: 62 ms, Speed: 15.81 M/s, Resolution: 1920x1080
Name: 北京卫视, URL: https://iptv.catvod.com/catvod?id=%E5%8C%97%E4%BA%AC%E5%8D%AB%E8%A7%86&line=7, From: subscribe, IPv_Type: ipv4, Location: 美国-加利福尼亚州-洛杉矶, ISP: IT7网络, Date: None, Delay: 73 ms, Speed: 14.95 M/s, Resolution: 1920x1080
Name: 北京卫视, URL: http://38.75.136.137:98/gslb/dsdqbv/bjwshd.m3u8?auth=test20251009, From: subscribe, IPv_Type: ipv4, Location: 美国-伊利诺伊州-库克, ISP: Cogent, Date: None, Delay: 1243 ms, Speed: 3.16 M/s, Resolution: 1920x1080
Name: 北京卫视, URL: http://satellitepull.cnr.cn/live/wxbtv/playlist.m3u8, From: subscribe, IPv_Type: ipv4, Location: 美国-德克萨斯州-达拉斯, ISP: 网宿科技CDN节点, Date: None, Delay: 41 ms, Speed: 2.36 M/s, Resolution: None
Name: 湖北卫视, URL: http://63.141.230.178:82/gslb/zbdq5.m3u8?id=hbwshd, From: subscribe, IPv_Type: ipv4, Location: 美国, ISP: , Date: None, Delay: 1452 ms, Speed: 3.03 M/s, Resolution: 1920x1080
Name: 东方卫视, URL: http://bp-resource-dfl.bestv.cn/148/3/video.m3u8, From: subscribe, IPv_Type: ipv4, Location: 美国-德克萨斯州-达拉斯, ISP: 阿里云CDN节点, Date: None, Delay: 5183 ms, Speed: 0.46 M/s, Resolution: 1920x1080
Name: 东南卫视, URL: http://live.zohi.tv/video/s10001-fztv-3/index.m3u8, From: subscribe, IPv_Type: ipv6, Location: 中国, ISP: 中国电信, Date: None, Delay: 3423 ms, Speed: 1.42 M/s, Resolution: 1920x1080
Name: 河南卫视, URL: http://1.94.31.214/php/hntv.php?id=hnws, From: subscribe, IPv_Type: ipv4, Location: 中国-上海-上海, ISP: 华为云, Date: None, Delay: 99 ms, Speed: 5.69 M/s, Resolution: 1920x1080
Name: 四川卫视, URL: https://iptv.catvod.com/catvod?id=%E5%9B%9B%E5%B7%9D%E5%8D%AB%E8%A7%86&line=3, From: subscribe, IPv_Type: ipv4, Location: 美国-加利福尼亚州-洛杉矶, ISP: IT7网络, Date: None, Delay: 76 ms, Speed: 13.30 M/s, Resolution: 1920x1080
Name: 四川卫视, URL: https://iptv.catvod.com/catvod?id=%E5%9B%9B%E5%B7%9D%E5%8D%AB%E8%A7%86&line=2, From: subscribe, IPv_Type: ipv4, Location: 美国-加利福尼亚州-洛杉矶, ISP: IT7网络, Date: None, Delay: 93 ms, Speed: 12.91 M/s, Resolution: 1920x1080
Name: 四川卫视, URL: https://iptv.catvod.com/catvod?id=%E5%9B%9B%E5%B7%9D%E5%8D%AB%E8%A7%86&line=1, From: subscribe, IPv_Type: ipv4, Location: 美国-加利福尼亚州-洛杉矶, ISP: IT7网络, Date: None, Delay: 90 ms, Speed: 11.87 M/s, Resolution: 1920x1080
Name: 新疆卫视, URL: http://218.84.12.186:8001/hls/main/playlist.m3u8?zxinjd;http://218.84.12.186:8001/hls/main/playlist.m3u8zxinjd, From: subscribe, IPv_Type: ipv4, Location: 中国-新疆-伊犁哈萨克自治州, ISP: 电信, Date: None, Delay: 6210 ms, Speed: 0.29 M/s, Resolution: 1920x1080
Name: 大湾区卫视, URL: https://iptv.catvod.com/live.php?id=%E5%A4%A7%E6%B9%BE%E5%8C%BA%E5%8D%AB%E8%A7%86&line=2, From: subscribe, IPv_Type: ipv4, Location: 美国-加利福尼亚州-洛杉矶, ISP: IT7网络, Date: None, Delay: 76 ms, Speed: 13.53 M/s, Resolution: 1920x1080
Name: 大湾区卫视, URL: https://iptv.catvod.com/live.php?id=%E5%A4%A7%E6%B9%BE%E5%8C%BA%E5%8D%AB%E8%A7%86&line=3, From: subscribe, IPv_Type: ipv4, Location: 美国-加利福尼亚州-洛杉矶, ISP: IT7网络, Date: None, Delay: 79 ms, Speed: 12.09 M/s, Resolution: 1920x1080
Name: 浙江钱江, URL: http://ali-m-l.cztv.com/channels/lantian/channel02/1080p.m3u8, From: subscribe, IPv_Type: ipv4, Location: 中国-陕西, ISP: 移动, Date: None, Delay: 2024 ms, Speed: 0.91 M/s, Resolution: 1920x1080
Name: 浙江钱江, URL: http://ali-m-l.cztv.com/channels/lantian/channel002/1080p.m3u8?zzhed, From: subscribe, IPv_Type: ipv4, Location: 中国-陕西, ISP: 移动, Date: None, Delay: 2055 ms, Speed: 0.83 M/s, Resolution: 1920x1080
Name: 浙江钱江, URL: https://ali-m-l.cztv.com/channels/lantian/channel002/1080p.m3u8, From: subscribe, IPv_Type: ipv4, Location: 中国-陕西, ISP: 移动, Date: None, Delay: 2243 ms, Speed: 0.79 M/s, Resolution: 1920x1080
Name: 浙江钱江, URL: https://ali-m-l.cztv.com/channels/lantian/channel002/1080p.m3u8\r\n, From: subscribe, IPv_Type: ipv4, Location: 中国-陕西, ISP: 移动, Date: None, Delay: 2251 ms, Speed: 0.77 M/s, Resolution: 1920x1080
Name: 浙江生活, URL: http://ls.qingting.fm/live/1099.m3u8, From: subscribe, IPv_Type: ipv6, Location: 美国, ISP: , Date: None, Delay: 1027 ms, Speed: 0.06 M/s, Resolution: None
Name: 浙江经济生活, URL: http://ali-m-l.cztv.com/channels/lantian/channel003/1080p.m3u8, From: subscribe, IPv_Type: ipv4, Location: 中国-陕西, ISP: 移动, Date: None, Delay: 2116 ms, Speed: 0.90 M/s, Resolution: 1920x1080
Name: 浙江教育, URL: https://ali-m-l.cztv.com/channels/lantian/channel004/1080p.m3u8?, From: subscribe, IPv_Type: ipv4, Location: 中国-上海-上海, ISP: 电信, Date: None, Delay: 2115 ms, Speed: 0.83 M/s, Resolution: 1920x1080
Name: 浙江教育, URL: https://ali-m-l.cztv.com/channels/lantian/channel004/1080p.m3u8, From: subscribe, IPv_Type: ipv4, Location: 中国-陕西, ISP: 移动, Date: None, Delay: 2342 ms, Speed: 0.79 M/s, Resolution: 1920x1080
Name: 浙江教育, URL: http://ali-m-l.cztv.com/channels/lantian/channel04/720p.m3u8, From: subscribe, IPv_Type: ipv6, Location: 中国-广西-防城港, ISP: 电信, Date: None, Delay: 1809 ms, Speed: 0.55 M/s, Resolution: 1920x1080
Name: 浙江民生, URL: http://ali-m-l.cztv.com/channels/lantian/channel006/1080p.m3u8, From: subscribe, IPv_Type: ipv4, Location: 中国-陕西, ISP: 移动, Date: None, Delay: 2187 ms, Speed: 0.92 M/s, Resolution: 1920x1080
Name: 浙江新闻, URL: https://ali-m-l.cztv.com/channels/lantian/channel07/1080p.m3u8, From: subscribe, IPv_Type: ipv4, Location: 中国-陕西, ISP: 移动, Date: None, Delay: 2576 ms, Speed: 1.25 M/s, Resolution: 1920x1080
Name: 浙江新闻, URL: https://ali-m-l.cztv.com/channels/lantian/channel007/1080p.m3u8, From: subscribe, IPv_Type: ipv4, Location: 中国-陕西, ISP: 移动, Date: None, Delay: 2218 ms, Speed: 0.80 M/s, Resolution: 1920x1080
Name: 浙江教科, URL: http://ali-m-l.cztv.com/channels/lantian/channel004/1080p.m3u8, From: subscribe, IPv_Type: ipv4, Location: 中国-陕西, ISP: 移动, Date: None, Delay: 2096 ms, Speed: 0.84 M/s, Resolution: 1920x1080
Name: 浙江经济, URL: https://ali-m-l.cztv.com/channels/lantian/channel003/1080p.m3u8?, From: subscribe, IPv_Type: ipv4, Location: 中国-上海-上海, ISP: 电信, Date: None, Delay: 2328 ms, Speed: 0.85 M/s, Resolution: 1920x1080
Name: 浙江经济, URL: https://ali-m-l.cztv.com/channels/lantian/channel003/1080p.m3u8, From: subscribe, IPv_Type: ipv4, Location: 中国-陕西, ISP: 移动, Date: None, Delay: 2305 ms, Speed: 0.85 M/s, Resolution: 1920x1080
Name: 之江纪录, URL: http://ali-m-l.cztv.com/channels/lantian/channel12/1080p.m3u8, From: subscribe, IPv_Type: ipv6, Location: 中国-广西-防城港, ISP: 电信, Date: None, Delay: 2766 ms, Speed: 2.24 M/s, Resolution: 1920x1080
Name: 之江纪录, URL: https://ali-m-l.cztv.com/channels/lantian/channel12/720p.m3u8, From: subscribe, IPv_Type: ipv6, Location: 中国-广西-防城港, ISP: 电信, Date: None, Delay: 2350 ms, Speed: 0.97 M/s, Resolution: 1920x1080
Name: 之江纪录, URL: http://ali-m-l.cztv.com/channels/lantian/channel012/1080p.m3u8, From: subscribe, IPv_Type: ipv4, Location: 中国-陕西, ISP: 移动, Date: None, Delay: 2077 ms, Speed: 0.81 M/s, Resolution: 1920x1080
Name: 之江纪录, URL: https://ali-m-l.cztv.com/channels/lantian/channel012/1080p.m3u8, From: subscribe, IPv_Type: ipv4, Location: 中国-上海-上海, ISP: 电信, Date: None, Delay: 2214 ms, Speed: 0.79 M/s, Resolution: 1920x1080
Name: 嘉兴新闻综合, URL: http://live.zohi.tv/video/s10001-fztv-1/index.m3u8, From: subscribe, IPv_Type: ipv6, Location: 中国, ISP: 中国电信, Date: None, Delay: 2143 ms, Speed: 0.20 M/s, Resolution: 1920x1080
Name: 湖州新闻综合, URL: http://hzcm-live.media.hugd.com/3f5fa7d64c7c46a38c6bd8ad35e836cc/65128273761b4731ae53729ea6dcf932.m3u8?auth_key=2277598215-9d21c15111244bea8d298c361d31a72e-0-d031198f58d44b0e91ba2e3f3b188865, From: subscribe, IPv_Type: ipv4, Location: 中国-上海-上海, ISP: 电信, Date: None, Delay: 2297 ms, Speed: 0.22 M/s, Resolution: 1280x720
Name: 湖州新闻综合, URL: http://hzcm-live.media.hugd.com/3f5fa7d64c7c46a38c6bd8ad35e836cc/65128273761b4731ae53729ea6dcf932.m3u8?auth_key=2277598215-9d21c15111244bea8d298c361d31a72e-0-d031198f58d44b0e91ba2e3f3b188865&fbl=, From: subscribe, IPv_Type: ipv4, Location: 中国-上海-上海, ISP: 电信, Date: None, Delay: 2672 ms, Speed: 0.21 M/s, Resolution: 1280x720
Name: 湖州新闻综合, URL: http://hzcm-live.media.hugd.com/3f5fa7d64c7c46a38c6bd8ad35e836cc/65128273761b4731ae53729ea6dcf932.m3u8?auth_key=2277598215-9d21c15111244bea8d298c361d31a72e-0-d031198f58d44b0e91ba2e3f3b188865&amp;fbl=, From: subscribe, IPv_Type: ipv4, Location: 中国-上海-上海, ISP: 电信, Date: None, Delay: 2813 ms, Speed: 0.21 M/s, Resolution: 1280x720
Name: 湖州新闻综合, URL: https://hzcm-live.media.hugd.com/3f5fa7d64c7c46a38c6bd8ad35e836cc/65128273761b4731ae53729ea6dcf932.m3u8?auth_key=2277598215-9d21c15111244bea8d298c361d31a72e-0-d031198f58d44b0e91ba2e3f3b188865, From: subscribe, IPv_Type: ipv4, Location: 中国-上海-上海, ISP: 电信, Date: None, Delay: 2297 ms, Speed: 0.21 M/s, Resolution: 1280x720
Name: 湖州文化娱乐, URL: http://hzcm-live.media.hugd.com/613c47f0ab0d4eaa98b21378d0db6ded/0051d31c9dd543a7825eea4e49675b2a.m3u8?auth_key=2277598059-0a5ebfa1c0dc4671b42a60810fc37039-0-fa625b7d1feab612062453c12e3c8887&fbl=, From: subscribe, IPv_Type: ipv4, Location: 中国-上海-上海, ISP: 电信, Date: None, Delay: 2646 ms, Speed: 0.53 M/s, Resolution: 1280x720
Name: 湖州文化娱乐, URL: http://hzcm-live.media.hugd.com/613c47f0ab0d4eaa98b21378d0db6ded/0051d31c9dd543a7825eea4e49675b2a.m3u8?auth_key=2277598059-0a5ebfa1c0dc4671b42a60810fc37039-0-fa625b7d1feab612062453c12e3c8887, From: subscribe, IPv_Type: ipv4, Location: 中国-上海-上海, ISP: 电信, Date: None, Delay: 3095 ms, Speed: 0.51 M/s, Resolution: 1280x720
Name: 湖州文化娱乐, URL: https://hzcm-live.media.hugd.com/613c47f0ab0d4eaa98b21378d0db6ded/0051d31c9dd543a7825eea4e49675b2a.m3u8?auth_key=2277598059-0a5ebfa1c0dc4671b42a60810fc37039-0-fa625b7d1feab612062453c12e3c8887, From: subscribe, IPv_Type: ipv4, Location: 中国-上海-上海, ISP: 电信, Date: None, Delay: 3583 ms, Speed: 0.42 M/s, Resolution: 1280x720
Name: 浙江留学, URL: https://ali-m-l.cztv.com/channels/lantian/channel009/1080p.m3u8, From: subscribe, IPv_Type: ipv6, Location: 中国-广西-防城港, ISP: 电信, Date: None, Delay: 1428 ms, Speed: 0.26 M/s, Resolution: 1920x1080
Name: 浙江休闲台, URL: http://ali-m-l.cztv.com/channels/lantian/channel006/720p.m3u8, From: subscribe, IPv_Type: ipv6, Location: 中国-广西-防城港, ISP: 电信, Date: None, Delay: 1996 ms, Speed: 0.72 M/s, Resolution: 1920x1080
Name: 浙江遂昌, URL: http://play-sh13.quklive.com/live/1708426592499070.m3u8?auth_key=2028414342-e92bda8423ad478c987a8b7ae82abe0e-0-c616f7fabb9675e1ed1d84d9edae7e07, From: subscribe, IPv_Type: ipv4, Location: 美国, ISP: 阿里云, Date: None, Delay: 1718 ms, Speed: 0.59 M/s, Resolution: 1920x1080
Name: 浙江遂昌, URL: http://l.cztvcloud.com/channels/lantian/SXsuichang1/720p.m3u8, From: subscribe, IPv_Type: ipv4, Location: 中国-江苏-苏州, ISP: 电信, Date: None, Delay: 10412 ms, Speed: 0.11 M/s, Resolution: 1920x1080
Name: 诸暨新闻综合, URL: http://l.cztvcloud.com/channels/lantian/SXzhuji3/720p.m3u8?zzhed#EXTINF:-1%20group-title=%22%E2%80%A2%E9%9F%B3%E4%B9%90%22,%E9%9F%B3%E4%B9%90%E7%9F%B3%E6%A6%B4, From: subscribe, IPv_Type: ipv4, Location: 中国-上海-上海, ISP: 电信, Date: None, Delay: 10582 ms, Speed: 0.36 M/s, Resolution: 1920x1080
Name: 诸暨新闻综合, URL: http://l.cztvcloud.com/channels/lantian/SXzhuji3/720p.m3u8?zzhed, From: subscribe, IPv_Type: ipv6, Location: 中国-江苏-常州, ISP: 电信, Date: None, Delay: 10804 ms, Speed: 0.28 M/s, Resolution: 1920x1080
Name: 诸暨新闻综合, URL: https://l.cztvcloud.com/channels/lantian/SXzhuji3/720p.m3u8, From: subscribe, IPv_Type: ipv6, Location: 中国-江苏-常州, ISP: 电信, Date: None, Delay: 5871 ms, Speed: 0.00 M/s, Resolution: 1920x1080
Name: 龙游生活娱乐, URL: http://l.cztvcloud.com/channels/lantian/SXlongyou2/720p.m3u8, From: subscribe, IPv_Type: ipv6, Location: 中国-江苏-常州, ISP: 电信, Date: None, Delay: 10484 ms, Speed: 0.28 M/s, Resolution: 1920x1080
Name: 龙游新闻综合, URL: http://l.cztvcloud.com/channels/lantian/SXlongyou1/720p.m3u8?zzhed, From: subscribe, IPv_Type: ipv6, Location: 中国-江苏-常州, ISP: 电信, Date: None, Delay: 1205 ms, Speed: 0.00 M/s, Resolution: 1920x1080
Name: 龙游新闻综合, URL: https://l.cztvcloud.com/channels/lantian/SXlongyou1/720p.m3u8, From: subscribe, IPv_Type: ipv6, Location: 中国-江苏-常州, ISP: 电信, Date: None, Delay: 1812 ms, Speed: 0.00 M/s, Resolution: 1920x1080
Name: 龙泉新闻综合, URL: http://l.cztvcloud.com/channels/lantian/SXlongquan1/720p.m3u8?zzhed&quot;, From: subscribe, IPv_Type: ipv4, Location: 中国-上海-上海, ISP: 电信, Date: None, Delay: 2952 ms, Speed: 0.64 M/s, Resolution: 1920x1080
Name: 龙泉新闻综合, URL: http://l.cztvcloud.com/channels/lantian/SXlongquan1/720p.m3u8, From: subscribe, IPv_Type: ipv6, Location: 中国-江苏-常州, ISP: 电信, Date: None, Delay: 3709 ms, Speed: 0.56 M/s, Resolution: 1920x1080
Name: 龙泉新闻综合, URL: http://l.cztvcloud.com/channels/lantian/SXlongquan1/720p.m3u8?zzhed,, From: subscribe, IPv_Type: ipv4, Location: 中国-上海-上海, ISP: 电信, Date: None, Delay: 10941 ms, Speed: 0.19 M/s, Resolution: 1920x1080
Name: 青田电视台, URL: http://l.cztvcloud.com/channels/lantian/SXqingtian1/720p.m3u8, From: subscribe, IPv_Type: ipv6, Location: 中国-江苏-常州, ISP: 电信, Date: None, Delay: 2712 ms, Speed: 0.55 M/s, Resolution: 1920x1080
Name: 象山综合, URL: http://play-sh13.quklive.com/live/1702360350551252.m3u8?auth_key=2037107484-800189c57a5a44d3b823b60cf84f6756-0-a6f6828a62d5c167cff5e68735fa0d39, From: subscribe, IPv_Type: ipv4, Location: 美国-加利福尼亚州-圣克拉拉, ISP: AMD公司, Date: None, Delay: 583 ms, Speed: 2.19 M/s, Resolution: 1920x1080
Name: 衢江新闻综合, URL: http://l.cztvcloud.com/channels/lantian/SXqujiang1/720p.m3u8?zzhed, From: subscribe, IPv_Type: ipv6, Location: 中国-江苏-常州, ISP: 电信, Date: None, Delay: 3378 ms, Speed: 1.05 M/s, Resolution: 1920x1080
Name: 衢江新闻综合, URL: http://l.cztvcloud.com/channels/lantian/SXqujiang1/720p.m3u8?zzhed;http://l.cztvcloud.com/channels/lantian/SXqujiang1/720p.m3u8zzhed;http://l.cztvcloud.com/channels/lantian/SXqujiang1/720p.m3u8, From: subscribe, IPv_Type: ipv4, Location: 中国-上海-上海, ISP: 电信, Date: None, Delay: 10629 ms, Speed: 0.45 M/s, Resolution: 1920x1080
Name: 萧山生活, URL: http://l.cztvcloud.com/channels/lantian/SXxiaoshan2/720p.m3u8?zzhed, From: subscribe, IPv_Type: ipv6, Location: 中国-江苏-常州, ISP: 电信, Date: None, Delay: 3177 ms, Speed: 0.85 M/s, Resolution: 1920x1080
Name: 萧山生活, URL: https://l.cztvcloud.com/channels/lantian/SXxiaoshan2/720p.m3u8, From: subscribe, IPv_Type: ipv6, Location: 中国-江苏-常州, ISP: 电信, Date: None, Delay: 6292 ms, Speed: 0.00 M/s, Resolution: 1920x1080
Name: 缙云综合, URL: http://l.cztvcloud.com/channels/lantian/SXjinyun1/720p.m3u8?zzhed, From: subscribe, IPv_Type: ipv6, Location: 中国-江苏-常州, ISP: 电信, Date: None, Delay: 10784 ms, Speed: 0.19 M/s, Resolution: 1920x1080
Name: 缙云新闻综合, URL: http://l.cztvcloud.com/channels/lantian/SXjinyun1/720p.m3u8, From: subscribe, IPv_Type: ipv6, Location: 中国-江苏-常州, ISP: 电信, Date: None, Delay: 10698 ms, Speed: 0.19 M/s, Resolution: 1920x1080
Name: 绍兴电视台公共, URL: http://live.shaoxing.com.cn/video/s10001-sxtv2/index.m3u8?%E5%85%B3%E6%B3%A8%E5%BE%AE%E4%BF%A1%E5%85%AC%E4%BC%97%E5%8F%B7[%E6%99%B4%E5%9B%AD], From: subscribe, IPv_Type: ipv4, Location: 中国-浙江-绍兴, ISP: 电信, Date: None, Delay: 10480 ms, Speed: 0.05 M/s, Resolution: 1280x720
Name: 绍兴新闻综合, URL: http://live.shaoxing.com.cn/video/s10001-sxhb/index.m3u8?zzhed#http://live.shaoxing.com.cn/video/s10001-sxhb/index.m3u8#http://live.shaoxing.com.cn/video/s10001-sxtv1/index.m3u8?zzhed#http://live.shaoxing.com.cn/video/s10001-sxtv1/index.m3u8, From: subscribe, IPv_Type: ipv4, Location: 中国-浙江-绍兴, ISP: 电信, Date: None, Delay: 10837 ms, Speed: 0.08 M/s, Resolution: 1280x720
Name: 绍兴新闻综合, URL: http://live.shaoxing.com.cn/video/s10001-sxhb/index.m3u8, From: subscribe, IPv_Type: ipv4, Location: 中国-浙江-绍兴, ISP: 电信, Date: None, Delay: 10079 ms, Speed: 0.07 M/s, Resolution: 1280x720
Name: 绍兴新闻综合, URL: http://live.shaoxing.com.cn/video/s10001-sxhb/index.m3u8?zzhed, From: subscribe, IPv_Type: ipv4, Location: 中国-浙江-绍兴, ISP: 电信, Date: None, Delay: 10930 ms, Speed: 0.07 M/s, Resolution: 1280x720
Name: 绍兴新闻综合, URL: http://live.shaoxing.com.cn/video/s10001-sxtv1/index.m3u8?zzhed, From: subscribe, IPv_Type: ipv4, Location: 中国-浙江-绍兴, ISP: 电信, Date: None, Delay: 10035 ms, Speed: 0.07 M/s, Resolution: 720x576
Name: 绍兴新闻综合, URL: http://live.shaoxing.com.cn/video/s10001-sxtv1/index.m3u8, From: subscribe, IPv_Type: ipv4, Location: 中国-浙江-绍兴, ISP: 电信, Date: None, Delay: 10219 ms, Speed: 0.06 M/s, Resolution: 720x576
Name: 绍兴文化影院, URL: http://live.shaoxing.com.cn/video/s10001-sxtv3/index.m3u8?zzhed, From: subscribe, IPv_Type: ipv4, Location: 中国-浙江-绍兴, ISP: 电信, Date: None, Delay: 8031 ms, Speed: 0.09 M/s, Resolution: 1280x720
Name: 绍兴文化影院, URL: http://live.shaoxing.com.cn/video/s10001-sxtv3/index.m3u8?zzhed#http://live.shaoxing.com.cn/video/s10001-sxtv3/index.m3u8, From: subscribe, IPv_Type: ipv4, Location: 中国-浙江-绍兴, ISP: 电信, Date: None, Delay: 8235 ms, Speed: 0.09 M/s, Resolution: 1280x720
Name: 绍兴文化影院, URL: http://live.shaoxing.com.cn/video/s10001-sxtv3/index.m3u8, From: subscribe, IPv_Type: ipv4, Location: 中国-浙江-绍兴, ISP: 电信, Date: None, Delay: 8849 ms, Speed: 0.09 M/s, Resolution: 1280x720
Name: 湖州公共民生, URL: http://hzcm-live.media.hugd.com/1e6b554b9ab74513958c0e1ffe664d22/9acaa7634309494cb29a85eb12136607.m3u8?auth_key=2272900830-9a2389b8bf4e49d580d4ad807423d326-0-ea78a5c7a678c436263582d368f5009e, From: subscribe, IPv_Type: ipv4, Location: 中国-上海-上海, ISP: 电信, Date: None, Delay: 1331 ms, Speed: 0.21 M/s, Resolution: 1280x720
Name: 海宁新闻综合, URL: https://p2hs.vzan.com/slowlive/317913155078575177/live.m3u8?zbid=293304&tpid=1708007815, From: subscribe, IPv_Type: ipv4, Location: 中国-河北-石家庄, ISP: 鹏博士宽带, Date: None, Delay: 702 ms, Speed: 1.00 M/s, Resolution: 1280x720
Name: 海宁新闻综合, URL: https://p2hs.vzan.com/slowlive/317913155078575177/live.m3u8, From: subscribe, IPv_Type: ipv4, Location: 中国-广东-东莞, ISP: 鹏博士BGP, Date: None, Delay: 1202 ms, Speed: 0.48 M/s, Resolution: 1280x720
Name: 海宁新闻综合, URL: http://p2hs.vzan.com/slowlive/317913155078575177/live.m3u8, From: subscribe, IPv_Type: ipv4, Location: 中国-广东-东莞, ISP: 鹏博士BGP, Date: None, Delay: 1967 ms, Speed: 0.26 M/s, Resolution: 1280x720
Name: 洞头综合, URL: http://l.cztvcloud.com/channels/lantian/SXdongtou1/720p.m3u8, From: subscribe, IPv_Type: ipv6, Location: 中国-江苏-常州, ISP: 电信, Date: None, Delay: 10507 ms, Speed: 0.22 M/s, Resolution: 1920x1080
Name: 武义新闻综合, URL: http://l.cztvcloud.com/channels/lantian/SXwuyi1/720p.m3u8, From: subscribe, IPv_Type: ipv6, Location: 中国-江苏-常州, ISP: 电信, Date: None, Delay: 2253 ms, Speed: 0.48 M/s, Resolution: 1920x1080
Name: 松阳综合, URL: http://l.cztvcloud.com/channels/lantian/SXsongyang1/720p.m3u8?zzhed;http://l.cztvcloud.com/channels/lantian/SXsongyang1/720p.m3u8zzhed, From: subscribe, IPv_Type: ipv4, Location: 中国-上海-上海, ISP: 电信, Date: None, Delay: 4258 ms, Speed: 2.08 M/s, Resolution: 1920x1080
Name: 松阳综合, URL: http://l.cztvcloud.com/channels/lantian/SXsongyang1/720p.m3u8?fbl=, From: subscribe, IPv_Type: ipv4, Location: 中国-上海-上海, ISP: 电信, Date: None, Delay: 10760 ms, Speed: 0.86 M/s, Resolution: 1920x1080
Name: 松阳综合, URL: http://l.cztvcloud.com/channels/lantian/SXsongyang1/720p.m3u8?zzhed, From: subscribe, IPv_Type: ipv4, Location: 中国-上海-上海, ISP: 电信, Date: None, Delay: 10221 ms, Speed: 0.75 M/s, Resolution: 1920x1080
Name: 松阳综合, URL: http://l.cztvcloud.com/channels/lantian/SXsongyang1/720p.m3u8, From: subscribe, IPv_Type: ipv4, Location: 中国-江苏-苏州, ISP: 电信, Date: None, Delay: 10679 ms, Speed: 0.46 M/s, Resolution: 1920x1080
Name: 松阳综合, URL: http://l.cztvcloud.com/channels/lantian/SXsongyang1/720p.m3u8?zzhed?, From: subscribe, IPv_Type: ipv4, Location: 中国-上海-上海, ISP: 电信, Date: None, Delay: 10712 ms, Speed: 0.32 M/s, Resolution: 1920x1080
Name: 普陀电视台, URL: https://l.cztvcloud.com/channels/lantian/SXputuo1/720p.m3u8, From: subscribe, IPv_Type: ipv6, Location: 中国-江苏-常州, ISP: 电信, Date: None, Delay: 9973 ms, Speed: 0.32 M/s, Resolution: 1920x1080
Name: 普陀电视台, URL: http://l.cztvcloud.com/channels/lantian/SXputuo1/720p.m3u8?zzhed#http://l.cztvcloud.com/channels/lantian/SXputuo1/720p.m3u8, From: subscribe, IPv_Type: ipv6, Location: 中国-江苏-常州, ISP: 电信, Date: None, Delay: 10742 ms, Speed: 0.20 M/s, Resolution: 1920x1080
Name: 新昌生活, URL: http://l.cztvcloud.com/channels/lantian/SXxinchang2/720p.m3u8, From: subscribe, IPv_Type: ipv6, Location: 中国-江苏-常州, ISP: 电信, Date: None, Delay: 10468 ms, Speed: 0.09 M/s, Resolution: 1920x1080
Name: 文成新闻综合, URL: http://l.cztvcloud.com/channels/lantian/SXwencheng1/720p.m3u8, From: subscribe, IPv_Type: ipv6, Location: 中国-江苏-常州, ISP: 电信, Date: None, Delay: 10221 ms, Speed: 0.21 M/s, Resolution: 1920x1080
Name: 开化新闻综合, URL: http://l.cztvcloud.com/channels/lantian/SXkaihua1/720p.m3u8?zzhed, From: subscribe, IPv_Type: ipv6, Location: 中国-江苏-常州, ISP: 电信, Date: None, Delay: 10423 ms, Speed: 0.11 M/s, Resolution: 1920x1080
Name: 开化国家公园, URL: http://l.cztvcloud.com/channels/lantian/SXkaihua2/720p.m3u8zzhed, From: subscribe, IPv_Type: ipv6, Location: 中国-江苏-常州, ISP: 电信, Date: None, Delay: 10467 ms, Speed: 0.06 M/s, Resolution: 1920x1080
Name: 庆元综合, URL: http://l.cztvcloud.com/channels/lantian/SXqingyuan1/720p.m3u8?fbl=, From: subscribe, IPv_Type: ipv4, Location: 中国-上海-上海, ISP: 电信, Date: None, Delay: 10530 ms, Speed: 0.27 M/s, Resolution: 1920x1080
Name: 庆元综合, URL: http://l.cztvcloud.com/channels/lantian/SXqingyuan1/720p.m3u8?zzhed?, From: subscribe, IPv_Type: ipv4, Location: 中国-上海-上海, ISP: 电信, Date: None, Delay: 10458 ms, Speed: 0.27 M/s, Resolution: 1920x1080
Name: 平湖民生休闲, URL: http://l.cztvcloud.com/channels/lantian/SXpinghu2/720p.m3u8?zzhed, From: subscribe, IPv_Type: ipv6, Location: 中国-江苏-常州, ISP: 电信, Date: None, Delay: 10492 ms, Speed: 0.05 M/s, Resolution: 1920x1080
Name: 平湖新闻综合, URL: http://l.cztvcloud.com/channels/lantian/SXpinghu1/720p.m3u8?zzhed, From: subscribe, IPv_Type: ipv6, Location: 中国-江苏-常州, ISP: 电信, Date: None, Delay: 10450 ms, Speed: 0.04 M/s, Resolution: 1920x1080
Name: 嵊泗综合, URL: http://l.cztvcloud.com/channels/lantian/SXshengsi1/720p.m3u8, From: subscribe, IPv_Type: ipv4, Location: 中国-江苏-苏州, ISP: 电信, Date: None, Delay: 10588 ms, Speed: 0.00 M/s, Resolution: 720x576
Name: 嵊州新闻综合, URL: http://l.cztvcloud.com/channels/lantian/SXshengzhou1/720p.m3u8?zzhed#http://l.cztvcloud.com/channels/lantian/SXshengzhou1/720p.m3u8, From: subscribe, IPv_Type: ipv6, Location: 中国-江苏-常州, ISP: 电信, Date: None, Delay: 10690 ms, Speed: 0.01 M/s, Resolution: 1920x1080
Name: 兰溪新闻综合, URL: http://l.cztvcloud.com/channels/lantian/SXlanxi1/720p.m3u8, From: subscribe, IPv_Type: ipv6, Location: 中国-江苏-常州, ISP: 电信, Date: None, Delay: 10879 ms, Speed: 0.15 M/s, Resolution: 1920x1080
Name: 余杭综合, URL: http://l.cztvcloud.com/channels/lantian/SXyuhang1/720p.m3u8?zzhed, From: subscribe, IPv_Type: ipv4, Location: 中国-上海-上海, ISP: 电信, Date: None, Delay: 10091 ms, Speed: 0.22 M/s, Resolution: 1920x1080
Name: 余杭未来E, URL: http://l.cztvcloud.com/channels/lantian/SXyuhang3/720p.m3u8?zzhed, From: subscribe, IPv_Type: ipv4, Location: 中国-上海-上海, ISP: 电信, Date: None, Delay: 10197 ms, Speed: 0.19 M/s, Resolution: 1920x1080
Name: 余杭未来E, URL: http://l.cztvcloud.com/channels/lantian/SXyuhang3/720p.m3u8, From: subscribe, IPv_Type: ipv6, Location: 中国-江苏-常州, ISP: 电信, Date: None, Delay: 10426 ms, Speed: 0.16 M/s, Resolution: 1920x1080
Name: 余姚综合, URL: https://l.cztvcloud.com/channels/lantian/SXyuyao1/720p.m3u8, From: subscribe, IPv_Type: ipv4, Location: 中国-江苏-苏州, ISP: 电信, Date: None, Delay: 10115 ms, Speed: 0.22 M/s, Resolution: 1920x1080
Name: 余姚姚江文化, URL: https://l.cztvcloud.com/channels/lantian/SXyuyao2/720p.m3u8, From: subscribe, IPv_Type: ipv6, Location: 中国-江苏-常州, ISP: 电信, Date: None, Delay: 10252 ms, Speed: 0.07 M/s, Resolution: 1920x1080
Name: 云和新闻综合, URL: http://l.cztvcloud.com/channels/lantian/SXyunhe1/720p.m3u8, From: subscribe, IPv_Type: ipv6, Location: 中国-江苏-常州, ISP: 电信, Date: None, Delay: 4980 ms, Speed: 0.00 M/s, Resolution: 1920x1080
Name: 东阳影视生活, URL: http://l.cztvcloud.com/channels/lantian/SXdongyang1/720p.m3u8, From: subscribe, IPv_Type: ipv6, Location: 中国-江苏-常州, ISP: 电信, Date: None, Delay: 10473 ms, Speed: 0.32 M/s, Resolution: 1920x1080
Name: 上虞新闻综合, URL: http://l.cztvcloud.com/channels/lantian/SXshangyu1/720p.m3u8?cWlkPSZzPTg3OWMwYmMyZDMzYTFhZGY3NDQxMjgyYTg1MmUzNTY0JmVzPTE3MDY2Nzc4NzMmdXVpZD0yMjdiY2MzNGNiNGY0MThlYjRiY2IxYzcwNmZjODNkMS02NzQ3NDY2NyZ2PTImYXM9MCZjZG5leF9pZD10eF9waG9uZV9saXZl, From: subscribe, IPv_Type: ipv4, Location: 中国-上海-上海, ISP: 电信, Date: None, Delay: 10546 ms, Speed: 0.40 M/s, Resolution: 1920x1080
Name: 上虞文化影院, URL: http://l.cztvcloud.com/channels/lantian/SXshangyu2/720p.m3u8zzhed, From: subscribe, IPv_Type: ipv4, Location: 中国-江苏-苏州, ISP: 电信, Date: None, Delay: 10105 ms, Speed: 0.15 M/s, Resolution: 1920x1080
Name: 上虞文化影院, URL: http://l.cztvcloud.com/channels/lantian/SXshangyu2/720p.m3u8, From: subscribe, IPv_Type: ipv4, Location: 中国-江苏-苏州, ISP: 电信, Date: None, Delay: 10009 ms, Speed: 0.15 M/s, Resolution: 1920x1080
Name: 北京卡酷少儿, URL: http://218.13.170.98:9901/tsfile/live/1021_1.m3u8, From: subscribe, IPv_Type: ipv4, Location: 中国-广东-佛山, ISP: 电信, Date: None, Delay: 10376 ms, Speed: 0.13 M/s, Resolution: 720x576
Name: 北京卡酷少儿, URL: http://58.57.40.22:9901/tsfile/live/1060_1.m3u8, From: subscribe, IPv_Type: ipv4, Location: 中国-山东-临沂, ISP: 电信, Date: None, Delay: 10401 ms, Speed: 0.00 M/s, Resolution: None
Name: 北京新闻, URL: https://satellitepull.cnr.cn/live/wxbjxwgb/playlist.m3u8, From: subscribe, IPv_Type: ipv4, Location: 美国-德克萨斯州-达拉斯, ISP: 网宿科技CDN节点, Date: None, Delay: 55 ms, Speed: 1.92 M/s, Resolution: None
Name: 北京生活, URL: https://wstvcpudali.v.myalicdn.com/wstvcpud/udrmbtv7_1/index.m3u8?adapt=0&BR=audio, From: subscribe, IPv_Type: ipv4, Location: 中国-上海-上海, ISP: 电信, Date: None, Delay: 1519 ms, Speed: 0.06 M/s, Resolution: None
Name: 北京科教, URL: http://player.cntv.cn/standard/live_HLSDRM20180606.swf?ChannelID=btv3&P2PChannelID=pd://cctv_p2p_hdbtv3, From: subscribe, IPv_Type: ipv4, Location: 美国, ISP: CDNetworks, Date: None, Delay: 235 ms, Speed: 5.62 M/s, Resolution: 19x24
Name: 北京财经, URL: https://wstvcpudali.v.myalicdn.com/wstvcpud/udrmbtv5_1/index.m3u8?adapt=0&BR=audio, From: subscribe, IPv_Type: ipv4, Location: 中国-上海-上海, ISP: 电信, Date: None, Delay: 1436 ms, Speed: 0.07 M/s, Resolution: None
Name: 北京青年, URL: http://player.cntv.cn/standard/live_HLSDRM20180919.swf?v=180.171.5.8.9.6.3.9&ChannelID=btv8&videoTVChannel=btv8&P2PChannelID=pd://cctv_p2p_hdbtv8&tai=btv8&VideoName=btv8&channelID=btv8, From: subscribe, IPv_Type: ipv4, Location: 美国, ISP: CDNetworks, Date: None, Delay: 14 ms, Speed: 7.82 M/s, Resolution: 19x24
Name: 上海第一财经, URL: https://satellitepull.cnr.cn/live/wx32dycjgb/playlist.m3u8, From: subscribe, IPv_Type: ipv4, Location: 美国-德克萨斯州-达拉斯, ISP: 网宿科技CDN节点, Date: None, Delay: 56 ms, Speed: 1.96 M/s, Resolution: None
Name: 东方财经, URL: http://115.150.63.77:9902/tsfile/live/1042_1.m3u8, From: subscribe, IPv_Type: ipv4, Location: 中国-江西-赣州, ISP: 电信, Date: None, Delay: 10133 ms, Speed: 0.02 M/s, Resolution: 1920x1080
Name: 东方财经, URL: rtsp://115.153.245.70/PLTV/88888888/224/3221225609/iptv7995.smil, From: subscribe, IPv_Type: ipv4, Location: 中国-江西-宜春, ISP: 电信, Date: None, Delay: 10005 ms, Speed: 0.00 M/s, Resolution: None
Name: 东方财经, URL: rtsp://115.153.254.81/PLTV/88888888/224/3221225609/iptv7995.smil, From: subscribe, IPv_Type: ipv4, Location: 中国-江西-宜春, ISP: 电信, Date: None, Delay: 10005 ms, Speed: 0.00 M/s, Resolution: None
Name: 东方财经, URL: rtsp://115.153.240.228:554/PLTV/88888888/224/3221225609/iptv7995.smil, From: subscribe, IPv_Type: ipv4, Location: 中国-江西-宜春, ISP: 电信, Date: None, Delay: 10004 ms, Speed: 0.00 M/s, Resolution: None
Name: 东方财经, URL: rtsp://115.153.212.72/PLTV/88888888/224/3221225609/iptv7995.smil, From: subscribe, IPv_Type: ipv4, Location: 中国-江西-宜春, ISP: 电信, Date: None, Delay: 10005 ms, Speed: 0.00 M/s, Resolution: None
Name: 东方财经, URL: rtsp://115.153.233.154/PLTV/88888888/224/3221225609/iptv7995.smil, From: subscribe, IPv_Type: ipv4, Location: 中国-江西-宜春, ISP: 电信, Date: None, Delay: 10004 ms, Speed: 0.00 M/s, Resolution: None
Name: 新闻综合, URL: http://p2.vzan.com/slowlive/596867413819827251/live.m3u8, From: subscribe, IPv_Type: ipv4, Location: 日本, ISP: , Date: None, Delay: 1621 ms, Speed: 0.80 M/s, Resolution: 1024x768
Name: 新闻综合, URL: https://m3u8channel.yunxya.com/nmip-media/channellive/channel100028/playlist.m3u8, From: subscribe, IPv_Type: ipv4, Location: 中国-广东-东莞, ISP: 电信, Date: None, Delay: 2562 ms, Speed: 0.56 M/s, Resolution: 1920x1080
Name: 欢笑剧场, URL: http://139.196.151.191/rtp/239.45.3.196:5140, From: subscribe, IPv_Type: ipv4, Location: 中国-上海-上海, ISP: 阿里云BGP数据中心, Date: None, Delay: 2478 ms, Speed: 0.06 M/s, Resolution: None
Name: 法治天地, URL: http://dassby.qqff.top:99/live/法治天地/index.m3u8, From: subscribe, IPv_Type: ipv4, Location: 中国-辽宁-鞍山, ISP: 联通, Date: None, Delay: 10473 ms, Speed: 0.05 M/s, Resolution: 1920x1080
Name: 法治天地, URL: rtsp://115.153.245.70/PLTV/88888888/224/3221225607/iptv7994.smil, From: subscribe, IPv_Type: ipv4, Location: 中国-江西-宜春, ISP: 电信, Date: None, Delay: 10007 ms, Speed: 0.00 M/s, Resolution: None
Name: 法治天地, URL: rtsp://115.153.254.81/PLTV/88888888/224/3221225607/iptv7994.smil, From: subscribe, IPv_Type: ipv4, Location: 中国-江西-宜春, ISP: 电信, Date: None, Delay: 10007 ms, Speed: 0.00 M/s, Resolution: None
Name: 法治天地, URL: rtsp://115.153.240.228:554/PLTV/88888888/224/3221225607/iptv7994.smil, From: subscribe, IPv_Type: ipv4, Location: 中国-江西-宜春, ISP: 电信, Date: None, Delay: 10005 ms, Speed: 0.00 M/s, Resolution: None
Name: 法治天地, URL: rtsp://115.153.212.72/PLTV/88888888/224/3221225607/iptv7994.smil, From: subscribe, IPv_Type: ipv4, Location: 中国-江西-宜春, ISP: 电信, Date: None, Delay: 10005 ms, Speed: 0.00 M/s, Resolution: None
Name: 法治天地, URL: rtsp://115.153.247.80/PLTV/88888888/224/3221225607/iptv7994.smil, From: subscribe, IPv_Type: ipv4, Location: 中国-江西-宜春, ISP: 电信, Date: None, Delay: 10005 ms, Speed: 0.00 M/s, Resolution: None
Name: 法治天地, URL: rtsp://115.153.233.154/PLTV/88888888/224/3221225607/iptv7994.smil, From: subscribe, IPv_Type: ipv4, Location: 中国-江西-宜春, ISP: 电信, Date: None, Delay: 10005 ms, Speed: 0.00 M/s, Resolution: None
Name: 法治天地, URL: rtsp://115.153.230.145/PLTV/88888888/224/3221225607/iptv7994.smil, From: subscribe, IPv_Type: ipv4, Location: 中国-江西-宜春, ISP: 电信, Date: None, Delay: 10007 ms, Speed: 0.00 M/s, Resolution: None
Name: 法治天地, URL: rtsp://115.153.222.112:554/PLTV/88888888/224/3221225607/iptv7994.smil, From: subscribe, IPv_Type: ipv4, Location: 中国-江西-宜春, ISP: 电信, Date: None, Delay: 10005 ms, Speed: 0.00 M/s, Resolution: None
Name: 法治天地, URL: rtsp://139.215.98.88/PLTV/88888888/224/3221225880/10000100000000060000000015948516_0.smil, From: subscribe, IPv_Type: ipv4, Location: 中国-吉林-长春, ISP: 联通, Date: None, Delay: 10006 ms, Speed: 0.00 M/s, Resolution: None
Name: 法治天地, URL: rtsp://10.15.250.13/PLTV/88888888/224/3221226714/10000100000000060000000006385213_0.smil, From: subscribe, IPv_Type: ipv4, Location: IANA, ISP: 局域网IP(Private-Use), Date: None, Delay: 10004 ms, Speed: 0.00 M/s, Resolution: None
Name: 法治天地, URL: rtsp://112.245.125.48:1554/iptv/import/Tvod/iptv/001/001/ch16051316234089749497.rsc/96400_Uni.sdp, From: subscribe, IPv_Type: ipv4, Location: 中国-山东-泰安, ISP: 联通, Date: None, Delay: 10005 ms, Speed: 0.00 M/s, Resolution: None
Name: 第一财经, URL: http://a1live.livecdn.yicai.com/live/radio_tv.m3u8, From: subscribe, IPv_Type: ipv4, Location: 中国-上海-上海, ISP: 电信, Date: None, Delay: 546 ms, Speed: 0.07 M/s, Resolution: None
Name: 都市剧场, URL: https://satellitepull.cnr.cn/live/wxcqxwgb/playlist.m3u8, From: subscribe, IPv_Type: ipv4, Location: 美国-华盛顿州-金, ISP: 网宿CDN西雅图节点, Date: None, Delay: 58 ms, Speed: 1.90 M/s, Resolution: None
Name: 璧山综合, URL: http://222.179.42.129:8181/hls1.m3u8, From: subscribe, IPv_Type: ipv4, Location: 中国-重庆-重庆, ISP: 电信, Date: None, Delay: 9444 ms, Speed: 0.44 M/s, Resolution: 1920x1080
Name: 铜梁综合, URL: http://183.64.174.171:40123/ch1.m3u8, From: subscribe, IPv_Type: ipv4, Location: 中国-重庆-重庆, ISP: 电信, Date: None, Delay: 4339 ms, Speed: 0.18 M/s, Resolution: 720x576
Name: 铜梁综合, URL: http://183.64.174.171:40123/ch1.m3u8?zzhongqd, From: subscribe, IPv_Type: ipv4, Location: 中国-重庆-重庆, ISP: 电信, Date: None, Delay: 6867 ms, Speed: 0.14 M/s, Resolution: 720x576
Name: 重庆汽摩, URL: http://183.230.184.51:65500/tntv1.m3u8, From: subscribe, IPv_Type: ipv4, Location: 中国-重庆-重庆, ISP: 移动, Date: None, Delay: 4129 ms, Speed: 0.33 M/s, Resolution: 1920x1080
Name: 荣昌综合, URL: http://183.64.181.25:40023/rongchang01.m3u8?%E5%85%B3%E6%B3%A8%E5%BE%AE%E4%BF%A1%E5%85%AC%E4%BC%97%E5%8F%B7[%E6%99%B4%E5%9B%AD], From: subscribe, IPv_Type: ipv4, Location: 中国-重庆-重庆, ISP: 电信, Date: None, Delay: 3015 ms, Speed: 0.17 M/s, Resolution: 720x404
Name: 荣昌综合, URL: http://183.64.181.25:40023/rongchang01.m3u8, From: subscribe, IPv_Type: ipv4, Location: 中国-重庆-重庆, ISP: 电信, Date: None, Delay: 5624 ms, Speed: 0.13 M/s, Resolution: 720x404
Name: 江津新闻综合, URL: http://222.179.155.21:1935/ch1.m3u8?%E5%85%B3%E6%B3%A8%E5%BE%AE%E4%BF%A1%E5%85%AC%E4%BC%97%E5%8F%B7[%E6%99%B4%E5%9B%AD], From: subscribe, IPv_Type: ipv4, Location: 中国-重庆-重庆, ISP: 电信, Date: None, Delay: 10427 ms, Speed: 0.13 M/s, Resolution: 1920x1080
Name: 江津新闻综合, URL: http://222.179.155.21:1935/ch1.m3u8?zzhongqd, From: subscribe, IPv_Type: ipv4, Location: 中国-重庆-重庆, ISP: 电信, Date: None, Delay: 10794 ms, Speed: 0.07 M/s, Resolution: 1920x1080
Name: 江津新闻综合, URL: http://222.179.155.21:1935/ch1.m3u8, From: subscribe, IPv_Type: ipv4, Location: 中国-重庆-重庆, ISP: 电信, Date: None, Delay: 10915 ms, Speed: 0.06 M/s, Resolution: 1920x1080
Name: 垫江综合, URL: rtmp://play-sh.quklive.com/live/1672366847646284, From: subscribe, IPv_Type: ipv4, Location: 美国-科罗拉多州-布鲁姆菲尔德, ISP: Level3, Date: None, Delay: -1 ms, Speed: inf M/s, Resolution: 1920x1080
Name: 万州综合, URL: http://123.146.162.24:8017/iTXwrGs/800/live.m3u8, From: subscribe, IPv_Type: ipv4, Location: 中国-重庆-重庆, ISP: 联通, Date: None, Delay: 4362 ms, Speed: 0.28 M/s, Resolution: 720x576
Name: 万州综合, URL: http://123.146.162.24:8017/iTXwrGs/800/live.m3u8?zzhongqd, From: subscribe, IPv_Type: ipv4, Location: 中国-重庆-重庆, ISP: 联通, Date: None, Delay: 3816 ms, Speed: 0.28 M/s, Resolution: 720x576
Name: 万州三峡移民, URL: http://123.146.162.24:8017/c2F0hmi/1000/live.m3u8, From: subscribe, IPv_Type: ipv4, Location: 中国-重庆-重庆, ISP: 联通, Date: None, Delay: 1563 ms, Speed: 0.06 M/s, Resolution: 720x576
Name: 万州三峡移民, URL: http://123.146.162.24:8017/c2F0hmi/1000/live.m3u8?zzhongqd, From: subscribe, IPv_Type: ipv4, Location: 中国-重庆-重庆, ISP: 联通, Date: None, Delay: 1547 ms, Speed: 0.05 M/s, Resolution: 720x576
Name: 重庆时尚购物, URL: http://183.220.107.138:4022/rtp/239.10.0.169:5140, From: subscribe, IPv_Type: ipv4, Location: 中国-四川-成都, ISP: 移动, Date: None, Delay: 484 ms, Speed: 0.00 M/s, Resolution: None
Name: 句容党建, URL: http://jrlive.jrntv.com:80/live/dangjian/playlist.m3u8, From: subscribe, IPv_Type: ipv4, Location: 中国-广西, ISP: 电信, Date: None, Delay: 2337 ms, Speed: 0.57 M/s, Resolution: 1280x720
Name: 句容党建, URL: http://jrlive.jrntv.com/live/_definst_/dangjians/playlist.m3u8?%E5%85%B3%E6%B3%A8%E5%BE%AE%E4%BF%A1%E5%85%AC%E4%BC%97%E5%8F%B7[%E6%99%B4%E5%9B%AD], From: subscribe, IPv_Type: ipv4, Location: 中国-广西, ISP: 电信, Date: None, Delay: 2223 ms, Speed: 0.55 M/s, Resolution: 720x576
Name: 句容党建, URL: http://jrlive.jrntv.com/live/_definst_/dangjians/playlist.m3u8, From: subscribe, IPv_Type: ipv4, Location: 中国-安徽-滁州, ISP: 电信, Date: None, Delay: 2237 ms, Speed: 0.54 M/s, Resolution: 720x576
Name: 句容影院, URL: http://jrlive.jrntv.com/live/_definst_/yingshis/chunklist_w1994429382.m3u8?zjiangsd, From: subscribe, IPv_Type: ipv4, Location: 中国-广西, ISP: 电信, Date: None, Delay: 2095 ms, Speed: 0.18 M/s, Resolution: 720x576
Name: 句容新闻综合, URL: http://jrlive.jrntv.com/live/_definst_/jrxwzhs/playlist.m3u8, From: subscribe, IPv_Type: ipv4, Location: 中国-广西, ISP: 电信, Date: None, Delay: 2145 ms, Speed: 0.40 M/s, Resolution: 720x576
Name: 句容新闻综合, URL: http://jrlive.jrntv.com/live/_definst_/jrxwzhs/playlist.m3u8?zjiangsd, From: subscribe, IPv_Type: ipv4, Location: 中国-广西, ISP: 电信, Date: None, Delay: 2422 ms, Speed: 0.38 M/s, Resolution: 720x576
Name: 句容生活, URL: http://jrlive.jrntv.com/live/_definst_/shenghuos/playlist.m3u8, From: subscribe, IPv_Type: ipv4, Location: 中国-安徽-滁州, ISP: 电信, Date: None, Delay: 2288 ms, Speed: 0.43 M/s, Resolution: 720x576
Name: 句容生活, URL: http://jrlive.jrntv.com/live/_definst_/shenghuos/playlist.m3u8?%E5%85%B3%E6%B3%A8%E5%BE%AE%E4%BF%A1%E5%85%AC%E4%BC%97%E5%8F%B7[%E6%99%B4%E5%9B%AD], From: subscribe, IPv_Type: ipv4, Location: 中国-广西, ISP: 电信, Date: None, Delay: 3941 ms, Speed: 0.30 M/s, Resolution: 720x576
Name: 宜兴新闻, URL: https://yixing-tv-ori-hls.jstv.com/yixing-tv-ori/yixing_xw.m3u8, From: subscribe, IPv_Type: ipv4, Location: 中国-香港, ISP: OWS, Date: None, Delay: 479 ms, Speed: 7.61 M/s, Resolution: 1280x720
Name: 宜兴新闻, URL: http://yixing-tv-ori-hls.jstv.com/yixing-tv-ori/yixing_xw.m3u8, From: subscribe, IPv_Type: ipv4, Location: 中国-香港, ISP: NTT, Date: None, Delay: 477 ms, Speed: 7.47 M/s, Resolution: 1280x720
Name: 宜兴新闻, URL: http://yixing-tv-ori-hls.jstv.com/yixing-tv-ori/yixing_xw.m3u8?zjiangsd, From: subscribe, IPv_Type: ipv4, Location: 中国-香港, ISP: OWS, Date: None, Delay: 479 ms, Speed: 7.47 M/s, Resolution: 1280x720
Name: 宜兴紫砂, URL: rtmp://yixing-tv-ori-hls.jstv.com/yixing-tv-ori/yixing_zs, From: subscribe, IPv_Type: ipv4, Location: 中国-香港, ISP: OWS, Date: None, Delay: -1 ms, Speed: inf M/s, Resolution: 1280x720
Name: 常熟民生, URL: rtmp://cstvplay.21cs.cn/cstv2/cstv2, From: subscribe, IPv_Type: ipv4, Location: 中国-上海-上海, ISP: 电信, Date: None, Delay: -1 ms, Speed: inf M/s, Resolution: 1280x720
Name: 新沂新闻, URL: http://live.xysrmt.cn/xwzh/sd/live.m3u8?zjiangsd", From: subscribe, IPv_Type: ipv6, Location: 中国, ISP: 中国电信, Date: None, Delay: 1906 ms, Speed: 0.02 M/s, Resolution: 1920x1080
Name: 新沂生活, URL: http://live.xysrmt.cn/shpd/sd/live.m3u8?zjiangsd, From: subscribe, IPv_Type: ipv6, Location: 中国, ISP: 中国电信, Date: None, Delay: 829 ms, Speed: 0.03 M/s, Resolution: 1920x1080
Name: 武进新闻, URL: https://live.wjyanghu.com/live/CH1.m3u8, From: subscribe, IPv_Type: ipv4, Location: 中国-上海-上海, ISP: 阿里云, Date: None, Delay: 6460 ms, Speed: 0.08 M/s, Resolution: 720x576
Name: 武进新闻, URL: http://live.wjyanghu.com/live/CH1.m3u8?%E5%85%B3%E6%B3%A8%E5%BE%AE%E4%BF%A1%E5%85%AC%E4%BC%97%E5%8F%B7[%E6%99%B4%E5%9B%AD], From: subscribe, IPv_Type: ipv4, Location: 中国-上海-上海, ISP: 阿里云, Date: None, Delay: 6400 ms, Speed: 0.08 M/s, Resolution: 720x576
Name: 武进新闻, URL: https://live.wjyanghu.com/live/CH1.m3u8?%E5%85%B3%E6%B3%A8%E5%BE%AE%E4%BF%A1%E5%85%AC%E4%BC%97%E5%8F%B7[%E6%99%B4%E5%9B%AD], From: subscribe, IPv_Type: ipv4, Location: 中国-上海-上海, ISP: 阿里云, Date: None, Delay: 5764 ms, Speed: 0.08 M/s, Resolution: 720x576
Name: 武进生活, URL: https://live.wjyanghu.com/live/CH2.m3u8, From: subscribe, IPv_Type: ipv4, Location: 中国-上海-上海, ISP: 阿里云, Date: None, Delay: 6530 ms, Speed: 0.10 M/s, Resolution: 720x576
Name: 武进生活, URL: https://live.wjyanghu.com/live/CH2.m3u8?%E5%85%B3%E6%B3%A8%E5%BE%AE%E4%BF%A1%E5%85%AC%E4%BC%97%E5%8F%B7[%E6%99%B4%E5%9B%AD], From: subscribe, IPv_Type: ipv4, Location: 中国-上海-上海, ISP: 阿里云, Date: None, Delay: 7086 ms, Speed: 0.09 M/s, Resolution: 720x576
Name: 武进生活, URL: http://live.wjyanghu.com/live/CH2.m3u8, From: subscribe, IPv_Type: ipv4, Location: 中国-上海-上海, ISP: 阿里云, Date: None, Delay: 6845 ms, Speed: 0.09 M/s, Resolution: 720x576
Name: 江宁新闻, URL: rtmp://jiangning-tv-hls.cm.jstv.com/jiangning-tv/jnxwzh, From: subscribe, IPv_Type: ipv4, Location: 中国-香港, ISP: OWS, Date: None, Delay: 611 ms, Speed: 0.00 M/s, Resolution: None
Name: 泗洪新闻综合, URL: http://3739115337.cloudvdn.com/a.m3u8?domain=siyang-tv-hls.cm.jstv.com&player=nwEAAKHdjSKP_58X&secondToken=secondToken%3A5FUijZmDyNMxtCDdne0YzSAwjuw&streamid=siyang-tv%3Asiyang-tv%2Fsiyangzh&v3=1, From: subscribe, IPv_Type: ipv4, Location: 中国-河北-保定, ISP: 电信, Date: None, Delay: 3159 ms, Speed: 0.25 M/s, Resolution: 1920x1080
Name: 涟水电视台综合, URL: rtmp://lianshui-tv-hls.cm.jstv.com/lianshui-tv/lsxw, From: subscribe, IPv_Type: ipv6, Location: 中国, ISP: 中国电信, Date: None, Delay: 488 ms, Speed: 0.00 M/s, Resolution: None
Name: 淮阴综合, URL: https://huaiyin-tv-replay.cm.jstv.com/huaiyin-tv/huaiyinf.m3u8, From: subscribe, IPv_Type: ipv6, Location: 中国, ISP: 中国电信, Date: None, Delay: 10095 ms, Speed: 0.38 M/s, Resolution: 1920x1080
Name: 滨海新闻综合, URL: http://traffic.jbh.tjbh.com/live/bhtv10/playlist.m3u8, From: subscribe, IPv_Type: ipv4, Location: 美国-伊利诺伊州-库克, ISP: 网宿CDN节点, Date: None, Delay: 4457 ms, Speed: 0.33 M/s, Resolution: 1920x1080
Name: 睢宁综合, URL: rtmp://221.229.243.45:1935/live/live1, From: subscribe, IPv_Type: ipv4, Location: 中国-江苏-徐州, ISP: 电信, Date: None, Delay: -1 ms, Speed: inf M/s, Resolution: 1280x720
Name: 睢宁综合, URL: https://live-auth.51kandianshi.com/szgd/csztv4k_hd.m3u8, From: subscribe, IPv_Type: ipv4, Location: 美国-加利福尼亚州-圣克拉拉, ISP: 腾讯云, Date: None, Delay: 1171 ms, Speed: 0.59 M/s, Resolution: 1280x720
Name: 苏州文化生活, URL: https://live-auth.51kandianshi.com/szgd/csztv3.m3u8, From: subscribe, IPv_Type: ipv4, Location: 美国-加利福尼亚州-圣克拉拉, ISP: 腾讯云, Date: None, Delay: 983 ms, Speed: 0.48 M/s, Resolution: 1280x720
Name: 苏州文化生活, URL: rtmp://csztv.2500sz.com/live/c03, From: subscribe, IPv_Type: ipv4, Location: 中国-江苏-苏州, ISP: 电信, Date: None, Delay: 4526 ms, Speed: 0.00 M/s, Resolution: None
Name: 苏州新闻综合, URL: https://live-auth.51kandianshi.com/szgd/csztv1.m3u8, From: subscribe, IPv_Type: ipv4, Location: 中国-江苏-常州, ISP: 电信, Date: None, Delay: 957 ms, Speed: 1.30 M/s, Resolution: 1920x1080
Name: 苏州生活资讯, URL: https://live-auth.51kandianshi.com/szgd/csztv5.m3u8, From: subscribe, IPv_Type: ipv4, Location: 美国-加利福尼亚州-圣克拉拉, ISP: 腾讯云, Date: None, Delay: 1069 ms, Speed: 0.38 M/s, Resolution: 1280x720
Name: 苏州生活资讯, URL: rtmp://csztv.2500sz.com/live/c04, From: subscribe, IPv_Type: ipv4, Location: 中国-江苏-苏州, ISP: 电信, Date: None, Delay: 2820 ms, Speed: 0.00 M/s, Resolution: None
Name: 苏州社会经济, URL: https://live-auth.51kandianshi.com/szgd/csztv2.m3u8, From: subscribe, IPv_Type: ipv4, Location: 中国-江苏-常州, ISP: 电信, Date: None, Delay: 886 ms, Speed: 0.80 M/s, Resolution: 1920x1080
Name: 赣榆新闻综合, URL: rtmp://ganyu-tv-hls.cm.jstv.com/ganyu-tv/ganyutv, From: subscribe, IPv_Type: ipv4, Location: 中国-香港, ISP: OWS, Date: None, Delay: 575 ms, Speed: 0.00 M/s, Resolution: None
Name: 镇江二套社会民生, URL: http://zjtv-wshls.homecdn.com/live/2aa16.m3u8, From: subscribe, IPv_Type: ipv4, Location: 美国-伊利诺伊州-库克, ISP: 网宿CDN节点, Date: None, Delay: 2167 ms, Speed: 0.93 M/s, Resolution: 1920x1080
Name: 镇江新闻综合, URL: http://zjtv-wshls.homecdn.com/live/2aa50.m3u8, From: subscribe, IPv_Type: ipv4, Location: 美国-德克萨斯州-达拉斯, ISP: 网宿科技CDN节点, Date: None, Delay: 161 ms, Speed: 9.09 M/s, Resolution: 1920x1080
Name: 镇江新闻综合, URL: http://zjtv-wshls.homecdn.com/live/2aa50.m3u8?wsSession=a263bdc5a26cd01b57a80359-170493712215358&wsIPSercert=f56bd6194d219a5172dbed60eca6e9b0, From: subscribe, IPv_Type: ipv4, Location: 美国-新泽西州-摩里斯, ISP: Linode, Date: None, Delay: 2139 ms, Speed: 0.94 M/s, Resolution: 1920x1080
Name: 镇江新闻综合, URL: http://zjtv-wshls.homecdn.com/live/2aa50.m3u8?wsSession=a263bdc5a26cd01b57a80359-170493712215358&amp;wsIPSercert=f56bd6194d219a5172dbed60eca6e9b0, From: subscribe, IPv_Type: ipv4, Location: 美国-伊利诺伊州-库克, ISP: 网宿CDN节点, Date: None, Delay: 2159 ms, Speed: 0.92 M/s, Resolution: 1920x1080
Name: 镇江新闻综合, URL: http://zjtv-wshls.homecdn.com/live/2aa50.m3u8?wsSession=a263bdc5a26cd01b57a80359-170493712215358, From: subscribe, IPv_Type: ipv4, Location: 美国-加利福尼亚州-洛杉矶, ISP: 网宿科技CDN节点, Date: None, Delay: 2159 ms, Speed: 0.92 M/s, Resolution: 1920x1080
Name: 靖江新闻综合, URL: https://satellitepull.cnr.cn/live/wxlnjjtb/playlist.m3u8, From: subscribe, IPv_Type: ipv4, Location: 美国-德克萨斯州-达拉斯, ISP: 网宿科技CDN节点, Date: None, Delay: 59 ms, Speed: 1.84 M/s, Resolution: None
Name: 朝阳新闻综合, URL: http://120.76.248.139/live/bfgd/4200000282.m3u8, From: subscribe, IPv_Type: ipv4, Location: 中国-浙江-杭州, ISP: 阿里云BGP数据中心, Date: None, Delay: 4014 ms, Speed: 1.44 M/s, Resolution: 1920x1080
Name: 辽宁北方, URL: http://120.76.248.139/live/bfgd/4200000071.m3u8, From: subscribe, IPv_Type: ipv4, Location: 中国-浙江-杭州, ISP: 阿里云BGP数据中心, Date: None, Delay: 3956 ms, Speed: 1.82 M/s, Resolution: 1280x720
Name: 辽宁北方, URL: http://dassby.qqff.top:99/live/辽宁北方/index.m3u8, From: subscribe, IPv_Type: ipv4, Location: 中国-辽宁-鞍山, ISP: 联通, Date: None, Delay: 10831 ms, Speed: 0.14 M/s, Resolution: None
Name: 辽宁影视剧, URL: http://120.76.248.139/live/bfgd/4200000070.m3u8, From: subscribe, IPv_Type: ipv4, Location: 中国-浙江-杭州, ISP: 阿里云BGP数据中心, Date: None, Delay: 3788 ms, Speed: 1.57 M/s, Resolution: 1280x720
Name: 辽宁影视剧, URL: http://dassby.qqff.top:99/live/辽宁影视剧/index.m3u8, From: subscribe, IPv_Type: ipv4, Location: 中国-辽宁-鞍山, ISP: 联通, Date: None, Delay: 10786 ms, Speed: 0.08 M/s, Resolution: 1920x1080
Name: 辽宁影视剧, URL: http://dassby.qqff.top:99/live/%E8%BE%BD%E5%AE%81%E5%BD%B1%E8%A7%86%E5%89%A7/index.m3u8, From: subscribe, IPv_Type: ipv4, Location: 中国-辽宁-鞍山, ISP: 联通, Date: None, Delay: 10984 ms, Speed: 0.04 M/s, Resolution: None
Name: 辽宁教育青少, URL: http://120.76.248.139/live/bfgd/4200000075.m3u8, From: subscribe, IPv_Type: ipv4, Location: 中国-浙江-杭州, ISP: 阿里云BGP数据中心, Date: None, Delay: 4078 ms, Speed: 1.49 M/s, Resolution: 1280x720
Name: 辽宁教育青少, URL: http://dassby.qqff.top:99/live/辽宁教育青少/index.m3u8, From: subscribe, IPv_Type: ipv4, Location: 中国-辽宁-鞍山, ISP: 联通, Date: None, Delay: 10877 ms, Speed: 0.06 M/s, Resolution: 1920x1080
Name: 辽宁生活, URL: http://120.76.248.139/live/bfgd/4200000073.m3u8, From: subscribe, IPv_Type: ipv4, Location: 中国-浙江-杭州, ISP: 阿里云BGP数据中心, Date: None, Delay: 10952 ms, Speed: 0.89 M/s, Resolution: 1280x720
Name: 辽宁生活, URL: http://dassby.qqff.top:99/live/辽宁生活/index.m3u8, From: subscribe, IPv_Type: ipv4, Location: 中国-辽宁-鞍山, ISP: 联通, Date: None, Delay: 10534 ms, Speed: 0.07 M/s, Resolution: 1920x1080
Name: 辽宁都市, URL: http://120.76.248.139/live/bfgd/4200000610.m3u8, From: subscribe, IPv_Type: ipv4, Location: 中国-浙江-杭州, ISP: 阿里云BGP数据中心, Date: None, Delay: 4268 ms, Speed: 1.48 M/s, Resolution: 1920x1080
Name: 辽宁都市, URL: http://120.76.248.139/live/bfgd/4200000068.m3u8, From: subscribe, IPv_Type: ipv4, Location: 中国-浙江-杭州, ISP: 阿里云BGP数据中心, Date: None, Delay: 2762 ms, Speed: 0.84 M/s, Resolution: 720x576
Name: 辽宁都市, URL: http://dassby.qqff.top:99/live/辽宁都市/index.m3u8, From: subscribe, IPv_Type: ipv4, Location: 中国-辽宁-鞍山, ISP: 联通, Date: None, Delay: 10909 ms, Speed: 0.21 M/s, Resolution: 1920x1080
Name: 辽宁都市, URL: https://ls.qingting.fm/live/1099/64k.m3u8, From: subscribe, IPv_Type: ipv6, Location: 中国-广东-东莞, ISP: 电信, Date: None, Delay: 1449 ms, Speed: 0.05 M/s, Resolution: 1920x1080
Name: 湖南爱晚, URL: http://php.jdshipin.com:8880/iptv.php, From: subscribe, IPv_Type: ipv6, Location: 美国, ISP: CloudFlare Inc., Date: None, Delay: 2761 ms, Speed: 1.17 M/s, Resolution: 1920x1080
Name: 长沙新闻综合, URL: http://ls.qingting.fm/live/4877.m3u8, From: subscribe, IPv_Type: ipv6, Location: 中国-广东-东莞, ISP: 电信, Date: None, Delay: 659 ms, Speed: 0.09 M/s, Resolution: 1920x1080
Name: 衡阳新闻综合, URL: https://liveplay-srs.voc.com.cn/hls/tv/183_554704.m3u8, From: subscribe, IPv_Type: ipv4, Location: 中国-湖南, ISP: 移动, Date: None, Delay: 10870 ms, Speed: 0.01 M/s, Resolution: 800x480
Name: 江夏新闻综合, URL: http://59.175.226.142:280/gb28181/xwzh.m3u8, From: subscribe, IPv_Type: ipv4, Location: 中国-湖北-武汉, ISP: 电信, Date: None, Delay: 3656 ms, Speed: 0.31 M/s, Resolution: 720x576
Name: 江夏新闻综合, URL: http://59.175.226.142:280/gb28181/xwzh.m3u8?%E5%85%B3%E6%B3%A8%E5%BE%AE%E4%BF%A1%E5%85%AC%E4%BC%97%E5%8F%B7[%E6%99%B4%E5%9B%AD], From: subscribe, IPv_Type: ipv4, Location: 中国-湖北-武汉, ISP: 电信, Date: None, Delay: 3468 ms, Speed: 0.31 M/s, Resolution: 720x576
Name: 江夏新闻综合, URL: http://59.175.226.142:280/gb28181/xwzh.m3u8?zhubd, From: subscribe, IPv_Type: ipv4, Location: 中国-湖北-武汉, ISP: 电信, Date: None, Delay: 4289 ms, Speed: 0.30 M/s, Resolution: 720x576
Name: 荆门新闻综合, URL: http://stream.jmtv.com.cn/xwzh/sd/live.m3u8?%E5%85%B3%E6%B3%A8%E5%BE%AE%E4%BF%A1%E5%85%AC%E4%BC%97%E5%8F%B7[%E6%99%B4%E5%9B%AD], From: subscribe, IPv_Type: ipv4, Location: 中国-湖北-荆门, ISP: 电信, Date: None, Delay: 2724 ms, Speed: 0.38 M/s, Resolution: 1920x1080
Name: 南宁公共, URL: rtmp://live.gxrb.com.cn/tv/nntv_gg, From: subscribe, IPv_Type: ipv4, Location: 中国-广西-南宁, ISP: 电信, Date: None, Delay: -1 ms, Speed: inf M/s, Resolution: 1280x720
Name: 南宁公共, URL: http://hls.nntv.cn/nnlive/GGPD_24.m3u8, From: subscribe, IPv_Type: ipv4, Location: 中国-江苏-扬州, ISP: 电信, Date: None, Delay: 1469 ms, Speed: 0.56 M/s, Resolution: 1280x720
Name: 南宁公共, URL: https://hls.nntv.cn/nnlive/GGPD_24.m3u8, From: subscribe, IPv_Type: ipv4, Location: 中国-江苏-扬州, ISP: 电信, Date: None, Delay: 2123 ms, Speed: 0.40 M/s, Resolution: 1280x720
Name: 南宁新闻综合, URL: rtmp://tv.qntv.net/channellive/ch1?zguizd, From: subscribe, IPv_Type: ipv4, Location: 中国-贵州-黔南布依族苗族自治州, ISP: 联通, Date: None, Delay: -1 ms, Speed: inf M/s, Resolution: 1920x1080
Name: 南宁都市生活, URL: http://615bbf179ba53515dccad7b1da5d1ad9.livehwc3.cn/hls.nntv.cn/nnlive/WLSH_24.m3u8?sub_m3u8=true&edge_slice=true&user_session_id=2598844eaee8a4265e706fc14b3fc11d, From: subscribe, IPv_Type: ipv6, Location: 中国, ISP: 中国电信, Date: None, Delay: 1572 ms, Speed: 0.35 M/s, Resolution: 1920x1080
Name: 宾阳综合, URL: http://zb.gxlbamc.com:1935/live/lbzh.stream/playlist.m3u8, From: subscribe, IPv_Type: ipv4, Location: 中国-广西, ISP: 移动, Date: None, Delay: 10141 ms, Speed: 0.29 M/s, Resolution: 1920x1080
Name: 宾阳综合, URL: rtmp://live.gxrb.com.cn/gx/binyang, From: subscribe, IPv_Type: ipv4, Location: 中国-广西-南宁, ISP: 电信, Date: None, Delay: 10006 ms, Speed: 0.00 M/s, Resolution: None
Name: 灌阳新闻综合, URL: https://ls.qingting.fm/live/5043/64k.m3u8, From: subscribe, IPv_Type: ipv6, Location: 中国-广东-东莞, ISP: 电信, Date: None, Delay: 1975 ms, Speed: 0.04 M/s, Resolution: 1920x1080
Name: 广西新闻, URL: http://198.204.228.26/live/gxxw.m3u8, From: subscribe, IPv_Type: ipv4, Location: 美国, ISP: , Date: None, Delay: 509 ms, Speed: 5.27 M/s, Resolution: 1920x1080
Name: 广西新闻, URL: http://192.151.150.154/live/gxxw.m3u8, From: subscribe, IPv_Type: ipv4, Location: 美国-密苏里州-杰克逊县, ISP: Datashack公司, Date: None, Delay: 593 ms, Speed: 4.79 M/s, Resolution: 1920x1080
Name: 广西新闻, URL: http://38.75.136.137:98/gslb/dsdqpub/gxxw.m3u8?auth=testpub, From: subscribe, IPv_Type: ipv4, Location: 美国-伊利诺伊州-库克, ISP: Cogent, Date: None, Delay: 847 ms, Speed: 3.69 M/s, Resolution: 1920x1080
Name: 广西新闻, URL: http://107.150.60.122/live/gxxw.m3u8, From: subscribe, IPv_Type: ipv4, Location: 美国-密苏里州-杰克逊县, ISP: NOCIX数据中心, Date: None, Delay: 830 ms, Speed: 3.30 M/s, Resolution: 1920x1080
Name: 广西国际, URL: http://192.151.150.154/live/gxgj.m3u8, From: subscribe, IPv_Type: ipv4, Location: 美国-密苏里州-杰克逊县, ISP: Datashack公司, Date: None, Delay: 772 ms, Speed: 6.79 M/s, Resolution: 1920x1080
Name: 广西国际, URL: http://198.204.228.26/live/gxgj.m3u8, From: subscribe, IPv_Type: ipv4, Location: 美国, ISP: , Date: None, Delay: 926 ms, Speed: 5.53 M/s, Resolution: 1920x1080
Name: 广西国际, URL: http://107.150.60.122/live/gxgj.m3u8, From: subscribe, IPv_Type: ipv4, Location: 美国-密苏里州-杰克逊县, ISP: NOCIX数据中心, Date: None, Delay: 1660 ms, Speed: 3.38 M/s, Resolution: 1920x1080
Name: 广西国际, URL: https://hlscdn.liangtv.cn/live/0234c48e0bc24fe1b41b9999a253e581/1075ee38e04f490690f6a36a16e09c79.m3u8, From: subscribe, IPv_Type: ipv6, Location: 中国-江苏-扬州, ISP: 电信, Date: None, Delay: 2124 ms, Speed: 1.00 M/s, Resolution: 1920x1080
Name: 广西国际, URL: http://hlscdn.liangtv.cn/live/0234c48e0bc24fe1b41b9999a253e581/1075ee38e04f490690f6a36a16e09c79.m3u8?fbl=, From: subscribe, IPv_Type: ipv6, Location: 中国-江苏-扬州, ISP: 电信, Date: None, Delay: 2513 ms, Speed: 0.92 M/s, Resolution: 1920x1080
Name: 南宁影视娱乐, URL: rtmp://hls.nntv.cn/nnlive/YSYL_244, From: subscribe, IPv_Type: ipv4, Location: 中国-江苏-扬州, ISP: 电信, Date: None, Delay: -1 ms, Speed: inf M/s, Resolution: 1280x720
Name: 南宁影视娱乐, URL: https://hls.nntv.cn/nnlive/YSYL_244.m3u8, From: subscribe, IPv_Type: ipv4, Location: 中国, ISP: 移动, Date: None, Delay: 1429 ms, Speed: 0.14 M/s, Resolution: 1280x720
Name: 南宁影视娱乐, URL: http://hls.nntv.cn/nnlive/YSYL_244.m3u8, From: subscribe, IPv_Type: ipv4, Location: 中国-江苏-扬州, ISP: 电信, Date: None, Delay: 1286 ms, Speed: 0.13 M/s, Resolution: 1280x720
Name: 津南一套, URL: http://play.jinnantv.top/live/JNTV1.m3u8?ztianjd, From: subscribe, IPv_Type: ipv4, Location: 美国-伊利诺伊州-库克, ISP: 网宿CDN节点, Date: None, Delay: 64 ms, Speed: 4.30 M/s, Resolution: 720x576
Name: 武清综合, URL: https://tvpull.smartwq.cn/wqlive/convergencemedia/playlist.m3u8?ztianjd, From: subscribe, IPv_Type: ipv4, Location: 美国-伊利诺伊州-库克, ISP: 网宿CDN节点, Date: None, Delay: 4136 ms, Speed: 0.45 M/s, Resolution: 720x576
Name: 乐山新闻综合, URL: http://pwpull.leshan.cn:80/live/21609091019110008654ed1a00000000/playlist.m3u8, From: subscribe, IPv_Type: ipv4, Location: 美国-伊利诺伊州-库克, ISP: 网宿CDN节点, Date: None, Delay: 140 ms, Speed: 6.26 M/s, Resolution: 1280x720
Name: 乐至综合, URL: http://175.155.106.72:89/live1/live1.m3u8?zsicd;http://rmlive.lzxrmtzx.com/live1/live1.m3u8?zsicd, From: subscribe, IPv_Type: ipv4, Location: 中国-四川-德阳, ISP: 联通, Date: None, Delay: 3142 ms, Speed: 0.70 M/s, Resolution: 1920x1080
Name: 井研综合, URL: http://tvfile.jyrmt.cn/nmip-media/channellive/channel104452/playlist.m3u8, From: subscribe, IPv_Type: ipv4, Location: 中国-四川, ISP: 广电网, Date: None, Delay: 3314 ms, Speed: 0.56 M/s, Resolution: 1920x1080
Name: 仁寿综合, URL: https://play.scrstv.com.cn/DT/live.m3u8?auth_key=60001724663204-0-0-c1cc4ded9841ac34f63cdbd3aec647ef, From: subscribe, IPv_Type: ipv4, Location: 中国-上海-上海, ISP: 电信, Date: None, Delay: 1923 ms, Speed: 0.03 M/s, Resolution: None
Name: 凉山新闻综合, URL: rtmp://tv.drs.i0834.cn/channellive/ch1?zsicd, From: subscribe, IPv_Type: ipv4, Location: 中国-四川-凉山彝族自治州, ISP: 电信, Date: None, Delay: -1 ms, Speed: inf M/s, Resolution: 720x404
Name: 凉山新闻综合, URL: rtmp://tv.drs.yizu.tv/channellive/ch1?zsicd, From: subscribe, IPv_Type: ipv4, Location: 中国-四川-凉山彝族自治州, ISP: 电信, Date: None, Delay: -1 ms, Speed: inf M/s, Resolution: 720x404
Name: 凉山语, URL: rtmp://tv.drs.i0834.cn/channellive/ch2?zsicd, From: subscribe, IPv_Type: ipv4, Location: 中国-四川-凉山彝族自治州, ISP: 电信, Date: None, Delay: -1 ms, Speed: inf M/s, Resolution: 720x404
Name: 凉山语, URL: rtmp://tv.drs.yizu.tv/channellive/ch2?zsicd, From: subscribe, IPv_Type: ipv4, Location: 中国-四川-凉山彝族自治州, ISP: 电信, Date: None, Delay: -1 ms, Speed: inf M/s, Resolution: 720x404
Name: 剑阁综合, URL: https://m3u8.channel.dzsm.com/nmip-media/channellive/channel105549/playlist.m3u8, From: subscribe, IPv_Type: ipv4, Location: 中国-四川, ISP: 移动, Date: None, Delay: 10940 ms, Speed: 0.04 M/s, Resolution: 960x528
Name: 叙州新闻综合, URL: http://pili-live-hls.ybcxjd.com/jdh-live/2108111201035597.m3u8?zsicd, From: subscribe, IPv_Type: ipv4, Location: 中国-香港, ISP: NTT, Date: None, Delay: 346 ms, Speed: 5.29 M/s, Resolution: 1920x1080
Name: 叙州新闻综合, URL: http://pili-live-hls.ybcxjd.com/jdh-live/2108111201035597.m3u8, From: subscribe, IPv_Type: ipv4, Location: 中国-浙江-温州, ISP: 电信, Date: None, Delay: 363 ms, Speed: 5.04 M/s, Resolution: 1920x1080
Name: 叙州新闻综合, URL: http://2061827161.cloudvdn.com/a.m3u8?domain=pili-live-hls.ybcxjd.com&player=IjsAAN-1KyqjjPYX&secondToken=secondToken%3AMHl3QtaAs-H2KkHpuGUAlKuJ9a8&streamid=jdh-live%3Ajdh-live%2F2108111201035597&v3=1, From: subscribe, IPv_Type: ipv4, Location: 中国-浙江-温州, ISP: 电信, Date: None, Delay: 3923 ms, Speed: 0.59 M/s, Resolution: 1920x1080
Name: 叙永综合, URL: rtmp://luzhi.xuyongrongmei.com:1935/live/xyxw?zsicd, From: subscribe, IPv_Type: ipv6, Location: 中国, ISP: 中国电信, Date: None, Delay: -1 ms, Speed: inf M/s, Resolution: 1920x1080
Name: 叙永综合, URL: https://m3u8channel-bx.yunxya.com/nmip-media/channellive/channel104666/playlist.m3u8, From: subscribe, IPv_Type: ipv4, Location: 中国-浙江-宁波, ISP: 电信, Date: None, Delay: 2571 ms, Speed: 0.61 M/s, Resolution: 1920x1080
Name: 名山综合, URL: rtmp://tv.yunxya.com:1937/channellive/mingshan, From: subscribe, IPv_Type: ipv4, Location: 中国-四川-雅安, ISP: 电信, Date: None, Delay: -1 ms, Speed: inf M/s, Resolution: 1920x1080
Name: 名山综合, URL: https://m3u8channel-ms.yunxya.com:443/nmip-media/audiolive/audio100580/playlist.m3u8, From: subscribe, IPv_Type: ipv4, Location: 中国-广东-东莞, ISP: 电信, Date: None, Delay: 1908 ms, Speed: 0.11 M/s, Resolution: None
Name: 夹江新闻综合, URL: https://m3u8.channel.dzsm.com/nmip-media/channellive/channel101257/playlist.m3u8, From: subscribe, IPv_Type: ipv4, Location: 中国-四川, ISP: 移动, Date: None, Delay: 10406 ms, Speed: 0.04 M/s, Resolution: 1280x720
Name: 夹江新闻综合, URL: rtmp://tv.jjrm.org.cn/channellive/ch1?zsicd, From: subscribe, IPv_Type: ipv4, Location: 中国-四川, ISP: 广电网, Date: None, Delay: 5329 ms, Speed: 0.00 M/s, Resolution: None
Name: 宝兴综合, URL: rtmp://tv.yunxya.com:1937/channellive/baoxing, From: subscribe, IPv_Type: ipv4, Location: 中国-四川-雅安, ISP: 电信, Date: None, Delay: -1 ms, Speed: inf M/s, Resolution: 1920x1080
Name: 小金综合, URL: rtmp://xjlive.xjxrmt.cn/live/xwpd, From: subscribe, IPv_Type: ipv4, Location: 中国-四川-成都, ISP: 电信, Date: None, Delay: -1 ms, Speed: inf M/s, Resolution: 1920x1080
Name: 广元综合, URL: https://m3u8.channel.dzsm.com/nmip-media/channellive/channel100999/playlist.m3u8, From: subscribe, IPv_Type: ipv4, Location: 中国-四川, ISP: 移动, Date: None, Delay: 10873 ms, Speed: 0.03 M/s, Resolution: 1280x720
Name: 广安公共, URL: http://live1.gatv.com.cn:85/live/GGPD.m3u8, From: subscribe, IPv_Type: ipv4, Location: 中国-四川-广安, ISP: 电信, Date: None, Delay: 569 ms, Speed: 0.00 M/s, Resolution: 1920x1080
Name: 旺苍新闻综合, URL: rtmp://tv.wcrmt.cn/channellive/ch1, From: subscribe, IPv_Type: ipv4, Location: 中国-四川-广元, ISP: 广电网, Date: None, Delay: -1 ms, Speed: inf M/s, Resolution: 1920x1080
Name: 旺苍新闻综合, URL: http://live.spccmc.com:90/live/spxwzh.m3u8?%E5%85%B3%E6%B3%A8%E5%BE%AE%E4%BF%A1%E5%85%AC%E4%BC%97%E5%8F%B7[%E6%99%B4%E5%9B%AD], From: subscribe, IPv_Type: ipv6, Location: 中国, ISP: 中国电信, Date: None, Delay: 573 ms, Speed: 0.00 M/s, Resolution: 1920x1080
Name: 朝天综合, URL: https://m3u8.channel.dzsm.com/nmip-media/channellive/channel104601/playlist.m3u8, From: subscribe, IPv_Type: ipv4, Location: 中国-四川, ISP: 移动, Date: None, Delay: 10752 ms, Speed: 0.03 M/s, Resolution: 960x528
Name: 汶川新闻综合, URL: rtmp://live.iwcmt.cn:1936/live/zhxw, From: subscribe, IPv_Type: ipv6, Location: 中国, ISP: 中国移动, Date: None, Delay: -1 ms, Speed: inf M/s, Resolution: 1920x1080
Name: 汶川新闻综合, URL: http://live.iwcmt.cn:90/live/zhxw.m3u8, From: subscribe, IPv_Type: ipv6, Location: 中国, ISP: 中国移动, Date: None, Delay: 502 ms, Speed: 0.00 M/s, Resolution: 1920x1080
Name: 沐川综合, URL: rtmp://tv.mcrm.org.cn:1935/channellive/tv01, From: subscribe, IPv_Type: ipv4, Location: 中国-四川-乐山, ISP: 电信, Date: None, Delay: -1 ms, Speed: inf M/s, Resolution: 1920x1080
Name: 泸县新闻综合, URL: https://m3u8channel.ganzitv.com/nmip-media/channellive/channel1/playlist.m3u8, From: subscribe, IPv_Type: ipv6, Location: 中国, ISP: 中国电信, Date: None, Delay: 4559 ms, Speed: 0.47 M/s, Resolution: 1920x1080
Name: 石棉综合, URL: rtmp://tv.yunxya.com:1937/channellive/shimian, From: subscribe, IPv_Type: ipv4, Location: 中国-四川-雅安, ISP: 电信, Date: None, Delay: -1 ms, Speed: inf M/s, Resolution: 1920x1080
Name: 荥经综合, URL: rtmp://tv.yunxya.com:1937/channellive/yingjing, From: subscribe, IPv_Type: ipv4, Location: 中国-四川-雅安, ISP: 电信, Date: None, Delay: -1 ms, Speed: inf M/s, Resolution: 1920x1080
Name: 荥经综合, URL: https://file.ysxtv.cn/nmip-media/channellive/channel101492/playlist.m3u8, From: subscribe, IPv_Type: ipv6, Location: 中国, ISP: 中国电信, Date: None, Delay: 4543 ms, Speed: 0.53 M/s, Resolution: 1280x720
Name: 金川新闻综合, URL: rtmp://live.jinchuanrmt.com/live/zhxw, From: subscribe, IPv_Type: ipv4, Location: 中国-四川, ISP: 电信, Date: None, Delay: -1 ms, Speed: inf M/s, Resolution: 1920x1080
Name: 金川新闻综合, URL: rtmp://139.203.180.9/live/zhxw, From: subscribe, IPv_Type: ipv4, Location: 中国-四川, ISP: 电信, Date: None, Delay: -1 ms, Speed: inf M/s, Resolution: 1920x1080
Name: 长宁综合, URL: rtmp://cnpull.sccnfb.com/live/123456, From: subscribe, IPv_Type: ipv4, Location: 中国-河南-信阳, ISP: 电信, Date: None, Delay: -1 ms, Speed: inf M/s, Resolution: 1920x1080
Name: 雅安雨城, URL: https://m3u8channel-yc.yunxya.com/nmip-media/channellive/channel100103/playlist.m3u8, From: subscribe, IPv_Type: ipv4, Location: 中国-广东-东莞, ISP: 电信, Date: None, Delay: 2431 ms, Speed: 0.57 M/s, Resolution: 720x576
Name: 青川综合, URL: http://qcfile.qcrmt.com/nmip-media/channellive/channel100933/playlist.m3u8, From: subscribe, IPv_Type: ipv4, Location: 中国-四川, ISP: 广电网, Date: None, Delay: 10630 ms, Speed: 0.01 M/s, Resolution: 1920x1080
Name: 马尔康综合, URL: rtmp://live.zmmek.com/live/zhxw, From: subscribe, IPv_Type: ipv4, Location: 中国-四川-阿坝藏族羌族自治州, ISP: 联通, Date: None, Delay: 5543 ms, Speed: 0.00 M/s, Resolution: None
Name: 陕西公共, URL: http://ls.qingting.fm/live/1222.m3u8, From: subscribe, IPv_Type: ipv6, Location: 中国-广东-东莞, ISP: 电信, Date: None, Delay: 936 ms, Speed: 0.06 M/s, Resolution: 1920x1080
Name: 三明新闻综合, URL: http://ls.qingting.fm/live/4885.m3u8, From: subscribe, IPv_Type: ipv6, Location: 中国-广东-东莞, ISP: 电信, Date: None, Delay: 1512 ms, Speed: 0.06 M/s, Resolution: 1920x1080
Name: 云霄综合, URL: http://live.zzyxxw.com:85/live/xwzh.m3u8, From: subscribe, IPv_Type: ipv6, Location: 中国, ISP: 中国电信, Date: None, Delay: 547 ms, Speed: 0.00 M/s, Resolution: 1920x1080
Name: 云霄综合, URL: http://live.zzyxxw.com:85/live/xwzh.m3u8?fujian,, From: subscribe, IPv_Type: ipv6, Location: 中国, ISP: 中国电信, Date: None, Delay: 577 ms, Speed: 0.00 M/s, Resolution: 1920x1080
Name: 厦门卫视, URL: http://38.75.136.137:98/gslb/dsdqpub/xmws.m3u8?auth=testpub, From: subscribe, IPv_Type: ipv4, Location: 美国-伊利诺伊州-库克, ISP: Cogent, Date: None, Delay: 556 ms, Speed: 3.83 M/s, Resolution: 720x576
Name: 厦门卫视, URL: http://dassby.qqff.top:99/live/厦门卫视/index.m3u8, From: subscribe, IPv_Type: ipv4, Location: 中国-辽宁-鞍山, ISP: 联通, Date: None, Delay: 10904 ms, Speed: 0.08 M/s, Resolution: 720x576
Name: 厦门卫视, URL: http://183.11.239.36:808/hls/17/index.m3u8, From: subscribe, IPv_Type: ipv4, Location: 中国-广东-深圳, ISP: 电信, Date: None, Delay: 10630 ms, Speed: 0.04 M/s, Resolution: 720x576
Name: 厦门卫视, URL: rtsp://118.212.169.207:554/PLTV/88888888/224/3221227298/10000100000000060000000001945823_0.smil, From: subscribe, IPv_Type: ipv4, Location: 中国-江西, ISP: 联通, Date: None, Delay: 10005 ms, Speed: 0.00 M/s, Resolution: None
Name: 厦门卫视, URL: rtsp://115.153.245.70/PLTV/88888888/224/3221226982/85722609.smil, From: subscribe, IPv_Type: ipv4, Location: 中国-江西-宜春, ISP: 电信, Date: None, Delay: 10005 ms, Speed: 0.00 M/s, Resolution: None
Name: 厦门卫视, URL: rtsp://115.153.254.81/PLTV/88888888/224/3221226982/85722609.smil, From: subscribe, IPv_Type: ipv4, Location: 中国-江西-宜春, ISP: 电信, Date: None, Delay: 10004 ms, Speed: 0.00 M/s, Resolution: None
Name: 厦门卫视, URL: rtsp://115.153.240.228:554/PLTV/88888888/224/3221226982/85722609.smil, From: subscribe, IPv_Type: ipv4, Location: 中国-江西-宜春, ISP: 电信, Date: None, Delay: 10005 ms, Speed: 0.00 M/s, Resolution: None
Name: 厦门卫视, URL: rtsp://115.153.212.72/PLTV/88888888/224/3221226982/85722609.smil, From: subscribe, IPv_Type: ipv4, Location: 中国-江西-宜春, ISP: 电信, Date: None, Delay: 10006 ms, Speed: 0.00 M/s, Resolution: None
Name: 厦门卫视, URL: rtsp://115.153.233.154/PLTV/88888888/224/3221226982/85722609.smil, From: subscribe, IPv_Type: ipv4, Location: 中国-江西-宜春, ISP: 电信, Date: None, Delay: 10007 ms, Speed: 0.00 M/s, Resolution: None
Name: 厦门卫视, URL: rtsp://115.153.247.80/PLTV/88888888/224/3221226982/85722609.smil, From: subscribe, IPv_Type: ipv4, Location: 中国-江西-宜春, ISP: 电信, Date: None, Delay: 10005 ms, Speed: 0.00 M/s, Resolution: None
Name: 厦门卫视, URL: rtsp://115.153.230.145/PLTV/88888888/224/3221226982/85722609.smil, From: subscribe, IPv_Type: ipv4, Location: 中国-江西-宜春, ISP: 电信, Date: None, Delay: 10004 ms, Speed: 0.00 M/s, Resolution: None
Name: 厦门卫视, URL: rtsp://115.153.222.112:554/PLTV/88888888/224/3221226982/85722609.smil, From: subscribe, IPv_Type: ipv4, Location: 中国-江西-宜春, ISP: 电信, Date: None, Delay: 10006 ms, Speed: 0.00 M/s, Resolution: None
Name: 厦门卫视, URL: http://e2.woc.iiiya.cn:28888/rtp/239.61.2.11:8060, From: subscribe, IPv_Type: ipv4, Location: 中国-福建-厦门, ISP: 电信, Date: None, Delay: 1579 ms, Speed: 0.00 M/s, Resolution: 720x576
Name: 宁化电视一套, URL: http://fjnhdb.chinashadt.com:2036/live/stream:nh1.stream/playlist.m3u8, From: subscribe, IPv_Type: ipv4, Location: 中国-福建-三明, ISP: 电信, Date: None, Delay: 7013 ms, Speed: 0.18 M/s, Resolution: 720x576
Name: 福州少儿, URL: http://live.zohi.tv/video/s10001-fztv-4/index.m3u8, From: subscribe, IPv_Type: ipv6, Location: 中国, ISP: 中国电信, Date: None, Delay: 1504 ms, Speed: 0.23 M/s, Resolution: 1920x1080
Name: 福建新闻, URL: http://satellitepull.cnr.cn/live/wx32fjxwgb/playlist.m3u8, From: subscribe, IPv_Type: ipv4, Location: 美国-德克萨斯州-达拉斯, ISP: 网宿科技CDN节点, Date: None, Delay: 38 ms, Speed: 2.51 M/s, Resolution: None
Name: 福建新闻, URL: https://satellitepull.cnr.cn/live/wx32fjxwgb/playlist.m3u8, From: subscribe, IPv_Type: ipv4, Location: 美国-德克萨斯州-达拉斯, ISP: 网宿科技CDN节点, Date: None, Delay: 55 ms, Speed: 1.99 M/s, Resolution: None
Name: 福建经济, URL: http://satellitepull.cnr.cn/live/wx32fjdnjjgb/playlist.m3u8, From: subscribe, IPv_Type: ipv4, Location: 美国-德克萨斯州-达拉斯, ISP: 网宿科技CDN节点, Date: None, Delay: 41 ms, Speed: 2.37 M/s, Resolution: None
Name: 福建公共, URL: https://live.264788.xyz/channel/fujianxiangcungonggong?streamid=2987cc24bada6a8c25589409a6452d9e&livekey=01WgOR41rriMmMkzNsd0UoaxJRwetZdxIvtVk, From: subscribe, IPv_Type: ipv4, Location: 美国, ISP: CloudFlare节点, Date: None, Delay: 5464 ms, Speed: 2.02 M/s, Resolution: 1920x1080
Name: 福建公共, URL: https://live.264788.xyz/channel/fujianxiangcungonggong?streamid=1cf7fc3a8f6d160c33b43c2f9507a0cc&livekey=01WgOR41rriMmMkzNsd0UoaxJRwetZdxIvtVk, From: subscribe, IPv_Type: ipv4, Location: 美国, ISP: CloudFlare节点, Date: None, Delay: 7935 ms, Speed: 1.31 M/s, Resolution: 1920x1080
Name: 福建公共, URL: http://e1.woc.iiiya.cn:18888/rtp/239.61.2.3:8012, From: subscribe, IPv_Type: ipv4, Location: 中国-福建-厦门, ISP: 电信, Date: None, Delay: 508 ms, Speed: 0.00 M/s, Resolution: 1920x1080
Name: 福建旅游, URL: https://live.264788.xyz/channel/fujianlvyou?streamid=8f26765ebf367079cef58c6b7752da1e&livekey=01WgOR41rriMmMkzNsd0UoaxJRwetZdxIvtVk, From: subscribe, IPv_Type: ipv4, Location: 美国, ISP: CloudFlare节点, Date: None, Delay: 4155 ms, Speed: 2.90 M/s, Resolution: 1920x1080
Name: 福建旅游, URL: https://live.264788.xyz/channel/fujianlvyou?streamid=221239fcf3c7edb274f2f0760fe47f96&livekey=01WgOR41rriMmMkzNsd0UoaxJRwetZdxIvtVk, From: subscribe, IPv_Type: ipv4, Location: 美国, ISP: CloudFlare节点, Date: None, Delay: 10113 ms, Speed: 1.22 M/s, Resolution: None
Name: 福建旅游, URL: http://e1.woc.iiiya.cn:18888/rtp/239.61.2.6:8030, From: subscribe, IPv_Type: ipv4, Location: 中国-福建-厦门, ISP: 电信, Date: None, Delay: 1596 ms, Speed: 0.00 M/s, Resolution: 1920x1080
Name: 梨园, URL: https://dxtx.hntv.tv/live/lypd.m3u8?txSecret=10c771842a0be59e8b575d765173ec96&txTime=7B923E0A&wsSecret=41543190cdf375f1c73207222bb96542&wsTime=1769313549, From: subscribe, IPv_Type: ipv4, Location: 中国-重庆-重庆, ISP: 联通, Date: None, Delay: 3943 ms, Speed: 0.15 M/s, Resolution: 1920x1080
Name: 梨园, URL: https://dxtx.hntv.tv/live/lypd.m3u8?txSecret=10c771842a0be59e8b575d765173ec96&txTime=7B923E0A&wsSecret=975c2c42fbaf3474e5b5da406653f22d&wsTime=1772510349, From: subscribe, IPv_Type: ipv4, Location: 中国-天津-天津, ISP: 联通, Date: None, Delay: 3955 ms, Speed: 0.15 M/s, Resolution: 1920x1080
Name: 项城新闻, URL: https://play-hsbj.vzan.com/978354/446938712125478466/live.m3u8?zbid=978354&tpid=1651937429#@http://tvpull.dxhmt.cn:9081/tv/11681-1.m3u8#@http://live.dxhmt.cn:9081/tv/11681-1.m3u8, From: subscribe, IPv_Type: ipv4, Location: 中国-广东-东莞, ISP: 鹏博士BGP, Date: None, Delay: 1082 ms, Speed: 0.89 M/s, Resolution: 1280x720
Name: 洛阳文旅, URL: http://wshls.live.migucloud.com/live/Q081CD54_C0/playlist.m3u8, From: subscribe, IPv_Type: ipv6, Location: 加拿大, ISP: , Date: None, Delay: 2111 ms, Speed: 2.39 M/s, Resolution: 1920x1080
Name: 河南都市, URL: http://1.94.31.214/php/hntv.php?id=hnds, From: subscribe, IPv_Type: ipv4, Location: 中国-上海-上海, ISP: 华为云, Date: None, Delay: 191 ms, Speed: 6.53 M/s, Resolution: 1920x1080
Name: 邯郸科技教育, URL: https://jwcdnqx.hebyun.com.cn/live/hdkj/1500k/tzwj_video.m3u8, From: subscribe, IPv_Type: ipv6, Location: 中国, ISP: 中国联通, Date: None, Delay: 3049 ms, Speed: 0.89 M/s, Resolution: 1920x1080
Name: 邯郸公共, URL: https://jwcdnqx.hebyun.com.cn/live/hdgg/1500k/tzwj_video.m3u8, From: subscribe, IPv_Type: ipv6, Location: 中国, ISP: 中国联通, Date: None, Delay: 2907 ms, Speed: 0.83 M/s, Resolution: 1920x1080
Name: 邯郸新闻, URL: https://jwcdnqx.hebyun.com.cn/live/hdxwzh/1500k/tzwj_video.m3u8, From: subscribe, IPv_Type: ipv6, Location: 中国, ISP: 中国联通, Date: None, Delay: 2727 ms, Speed: 0.71 M/s, Resolution: 1920x1080
Name: 衡水公共, URL: http://ls.qingting.fm/live/2810.m3u8, From: subscribe, IPv_Type: ipv6, Location: 中国-广东-东莞, ISP: 电信, Date: None, Delay: 1451 ms, Speed: 0.04 M/s, Resolution: 1920x1080
Name: 滦平新闻, URL: http://jwplay.hebyun.com.cn/live/LPTV001/1500k/tzwj_video.m3u8, From: subscribe, IPv_Type: ipv6, Location: 中国, ISP: 中国联通, Date: None, Delay: 2511 ms, Speed: 0.72 M/s, Resolution: 1920x1080
Name: 河北都市, URL: rtmp://tv.pull.hebtv.com/jishi/dushipindao?t=2510710360&k=b43f406360a945d199904faf3b6e2c18, From: subscribe, IPv_Type: ipv6, Location: 中国, ISP: 中国电信, Date: None, Delay: -1 ms, Speed: inf M/s, Resolution: 1920x1080
Name: 河北农民, URL: rtmp://tv.pull.hebtv.com/jishi/nongminpindao?t=2510710360&k=a3c2c0f740a31dc24d48ad098cd1eec3, From: subscribe, IPv_Type: ipv6, Location: 中国, ISP: 中国电信, Date: None, Delay: -1 ms, Speed: inf M/s, Resolution: 1920x1080
Name: 昌黎综合, URL: https://jwcdnqx.hebyun.com.cn/live/clzhpd/1500k/tzwj_video.m3u8, From: subscribe, IPv_Type: ipv6, Location: 中国, ISP: 中国联通, Date: None, Delay: 3211 ms, Speed: 1.13 M/s, Resolution: 1280x720
Name: 任丘综合, URL: https://jwcdnqx.hebyun.com.cn/live/rqtv1/1500k/tzwj_video.m3u8, From: subscribe, IPv_Type: ipv6, Location: 中国, ISP: 中国联通, Date: None, Delay: 3239 ms, Speed: 0.80 M/s, Resolution: 1920x1080
Name: 兴隆综合, URL: https://jwcdnqx.hebyun.com.cn/live/xlzh/1500k/tzwj_video.m3u8, From: subscribe, IPv_Type: ipv6, Location: 中国, ISP: 中国联通, Date: None, Delay: 3331 ms, Speed: 1.08 M/s, Resolution: 1920x1080
Name: 平泉综合, URL: https://jwcdnqx.hebyun.com.cn/live/pqzh/1500k/tzwj_video.m3u8, From: subscribe, IPv_Type: ipv6, Location: 中国, ISP: 中国联通, Date: None, Delay: 3740 ms, Speed: 1.29 M/s, Resolution: 1920x1080
Name: 清河经济综艺, URL: https://jwcdnqx.hebyun.com.cn/live/qinghe1/1500k/tzwj_video.m3u8, From: subscribe, IPv_Type: ipv6, Location: 中国, ISP: 中国联通, Date: None, Delay: 3186 ms, Speed: 1.01 M/s, Resolution: 1920x1080
Name: 衡山, URL: http://live.hznet.tv:1935/live/live1/500K/tzwj_video.m3u8, From: subscribe, IPv_Type: ipv4, Location: 中国-山东-菏泽, ISP: 联通, Date: None, Delay: 10709 ms, Speed: 0.07 M/s, Resolution: 1280x720
Name: 安顺新闻, URL: https://ls.qingting.fm/live/5022203/64k.m3u8, From: subscribe, IPv_Type: ipv6, Location: 中国-广东-东莞, ISP: 电信, Date: None, Delay: 1536 ms, Speed: 0.07 M/s, Resolution: 1920x1080
Name: 贵州移动电视, URL: http://47.108.20.161:8866/guizhou/guizhou.php?id=gzyd, From: subscribe, IPv_Type: ipv4, Location: 中国-四川-成都, ISP: 阿里云, Date: None, Delay: 1986 ms, Speed: 0.00 M/s, Resolution: None
Name: 甘肃经济, URL: https://satellitepull.cnr.cn/live/wxgshhzs/playlist.m3u8, From: subscribe, IPv_Type: ipv4, Location: 美国-德克萨斯州-达拉斯, ISP: 网宿科技CDN节点, Date: None, Delay: 54 ms, Speed: 1.88 M/s, Resolution: None
Name: 甘肃都市, URL: https://satellitepull.cnr.cn/live/wxgsdstb/playlist.m3u8, From: subscribe, IPv_Type: ipv4, Location: 美国-德克萨斯州-达拉斯, ISP: 网宿科技CDN节点, Date: None, Delay: 52 ms, Speed: 1.95 M/s, Resolution: None
Name: 嘉峪关综合, URL: http://play.kankanlive.com/live/1720583434627241.m3u8, From: subscribe, IPv_Type: ipv4, Location: 中国-河北-廊坊, ISP: 联通, Date: None, Delay: 2047 ms, Speed: 0.89 M/s, Resolution: 1920x1080
Name: 嘉峪关综合, URL: rtsp://180.95.143.19/PLTV/88888910/224/3221225607/10000100000000060000000000789667_0.smil, From: subscribe, IPv_Type: ipv4, Location: 中国-甘肃-金昌, ISP: 联通, Date: None, Delay: 10006 ms, Speed: 0.00 M/s, Resolution: None
Name: 嘉峪关综合, URL: rtsp://116.176.26.18/PLTV/88888910/224/3221225607/10000100000000060000000000789667_0.smil, From: subscribe, IPv_Type: ipv4, Location: 中国-甘肃, ISP: 联通, Date: None, Delay: 10005 ms, Speed: 0.00 M/s, Resolution: None
Name: 嘉峪关综合, URL: rtsp://60.13.39.19/PLTV/88888910/224/3221225607/10000100000000060000000000789667_0.smil, From: subscribe, IPv_Type: ipv4, Location: 中国-甘肃-天水, ISP: 联通, Date: None, Delay: 10005 ms, Speed: 0.00 M/s, Resolution: None
Name: 嘉峪关综合, URL: rtsp://60.13.23.179/PLTV/88888910/224/3221225607/10000100000000060000000000789667_0.smil, From: subscribe, IPv_Type: ipv4, Location: 中国-甘肃-兰州, ISP: 联通, Date: None, Delay: 10004 ms, Speed: 0.00 M/s, Resolution: None
Name: 嘉峪关综合, URL: rtsp://221.7.61.147/PLTV/88888910/224/3221225607/10000100000000060000000000789667_0.smil, From: subscribe, IPv_Type: ipv4, Location: 中国-甘肃-白银, ISP: 联通, Date: None, Delay: 10006 ms, Speed: 0.00 M/s, Resolution: None
Name: 嘉峪关综合, URL: rtsp://116.176.26.19/PLTV/88888910/224/3221225607/10000100000000060000000000789667_0.smil, From: subscribe, IPv_Type: ipv4, Location: 中国-甘肃, ISP: 联通, Date: None, Delay: 10004 ms, Speed: 0.00 M/s, Resolution: None
Name: 嘉峪关综合, URL: rtsp://60.13.39.18/PLTV/88888910/224/3221225607/10000100000000060000000000789667_0.smil, From: subscribe, IPv_Type: ipv4, Location: 中国-甘肃-天水, ISP: 联通, Date: None, Delay: 10005 ms, Speed: 0.00 M/s, Resolution: None
Name: 永昌综合, URL: rtmp://play.kankanlive.com/live/1652755738635915, From: subscribe, IPv_Type: ipv4, Location: 中国-山东-青岛, ISP: 联通, Date: None, Delay: -1 ms, Speed: inf M/s, Resolution: 1280x720
Name: 永昌综合, URL: http://play.kankanlive.com/live/1720408280309109.m3u8, From: subscribe, IPv_Type: ipv4, Location: 中国-河北, ISP: 联通, Date: None, Delay: 1863 ms, Speed: 0.96 M/s, Resolution: 1920x1080
Name: 永昌综合, URL: https://play.kankanlive.com/live/1652755738635915.m3u8, From: subscribe, IPv_Type: ipv4, Location: 中国-山东-青岛, ISP: 联通, Date: None, Delay: 2815 ms, Speed: 0.45 M/s, Resolution: 1280x720
Name: 甘南综合, URL: https://play.kankanlive.com/live/1711955176432990.m3u8, From: subscribe, IPv_Type: ipv4, Location: 中国-山东-青岛, ISP: 联通, Date: None, Delay: 2098 ms, Speed: 0.24 M/s, Resolution: 1920x1080
Name: 甘肃少儿, URL: rtsp://180.95.143.19/PLTV/88888910/224/3221225494/10000100000000060000000000102582_0.smil, From: subscribe, IPv_Type: ipv4, Location: 中国-甘肃-金昌, ISP: 联通, Date: None, Delay: 10007 ms, Speed: 0.00 M/s, Resolution: None
Name: 甘肃少儿, URL: rtsp://116.176.26.18/PLTV/88888910/224/3221225494/10000100000000060000000000102582_0.smil, From: subscribe, IPv_Type: ipv4, Location: 中国-甘肃, ISP: 联通, Date: None, Delay: 10007 ms, Speed: 0.00 M/s, Resolution: None
Name: 甘肃少儿, URL: rtmp://livein.gstv.com.cn/49048r/922k96, From: subscribe, IPv_Type: ipv4, Location: 中国-甘肃-兰州, ISP: 电信, Date: None, Delay: 5166 ms, Speed: 0.00 M/s, Resolution: None
Name: 甘肃少儿, URL: rtsp://116.176.26.19/PLTV/88888910/224/3221225485/10000100000000060000000000102562_0.smil, From: subscribe, IPv_Type: ipv4, Location: 中国-甘肃, ISP: 联通, Date: None, Delay: 10004 ms, Speed: 0.00 M/s, Resolution: None
Name: 甘肃少儿, URL: rtsp://115.85.232.19/PLTV/88888910/224/3221225494/10000100000000060000000000102582_0.smil, From: subscribe, IPv_Type: ipv4, Location: 中国-甘肃-金昌, ISP: 联通, Date: None, Delay: 10005 ms, Speed: 0.00 M/s, Resolution: None
Name: 甘肃少儿, URL: rtsp://60.13.23.179/PLTV/88888910/224/3221225494/10000100000000060000000000102582_0.smil, From: subscribe, IPv_Type: ipv4, Location: 中国-甘肃-兰州, ISP: 联通, Date: None, Delay: 10004 ms, Speed: 0.00 M/s, Resolution: None
Name: 甘肃少儿, URL: rtsp://221.7.61.147/PLTV/88888910/224/3221225494/10000100000000060000000000102582_0.smil, From: subscribe, IPv_Type: ipv4, Location: 中国-甘肃-白银, ISP: 联通, Date: None, Delay: 10006 ms, Speed: 0.00 M/s, Resolution: None
Name: 甘肃少儿, URL: rtsp://60.13.39.18/PLTV/88888910/224/3221225485/10000100000000060000000000102562_0.smil, From: subscribe, IPv_Type: ipv4, Location: 中国-甘肃-天水, ISP: 联通, Date: None, Delay: 10007 ms, Speed: 0.00 M/s, Resolution: None
Name: 甘肃少儿, URL: rtsp://60.13.27.115/PLTV/88888910/224/3221225485/10000100000000060000000000102562_0.smil, From: subscribe, IPv_Type: ipv4, Location: 中国-甘肃-兰州, ISP: 联通, Date: None, Delay: 10004 ms, Speed: 0.00 M/s, Resolution: None
Name: 甘肃少儿, URL: rtsp://60.13.39.19/PLTV/88888910/224/3221225485/10000100000000060000000000102562_0.smil, From: subscribe, IPv_Type: ipv4, Location: 中国-甘肃-天水, ISP: 联通, Date: None, Delay: 10005 ms, Speed: 0.00 M/s, Resolution: None
Name: 甘肃少儿, URL: rtsp://124.152.124.50/PLTV/88888910/224/3221225485/10000100000000060000000000102562_0.smil, From: subscribe, IPv_Type: ipv4, Location: 中国-甘肃, ISP: 联通, Date: None, Delay: 10004 ms, Speed: 0.00 M/s, Resolution: None
Name: 甘肃少儿, URL: rtsp://115.85.205.19/PLTV/88888910/224/3221225485/10000100000000060000000000102562_0.smil, From: subscribe, IPv_Type: ipv4, Location: 中国-甘肃-嘉峪关, ISP: 联通, Date: None, Delay: 10004 ms, Speed: 0.00 M/s, Resolution: None
Name: 白银综合, URL: http://play.kankanlive.com/live/1720408089419110.m3u8, From: subscribe, IPv_Type: ipv4, Location: 中国-山东-青岛, ISP: 联通, Date: None, Delay: 2105 ms, Speed: 0.87 M/s, Resolution: 1920x1080
Name: 白银综合, URL: https://play.kankanlive.com/live/1720408089419110.m3u8, From: subscribe, IPv_Type: ipv4, Location: 中国-山东-青岛, ISP: 联通, Date: None, Delay: 2297 ms, Speed: 0.82 M/s, Resolution: 1920x1080
Name: 秦安综合, URL: https://play.kankanlive.com/live/1659926941626981.m3u8, From: subscribe, IPv_Type: ipv4, Location: 中国-河北, ISP: 联通, Date: None, Delay: 2934 ms, Speed: 0.72 M/s, Resolution: 1920x1080
Name: 西峰综合, URL: http://play.kankanlive.com/live/1683944827526991.m3u8, From: subscribe, IPv_Type: ipv4, Location: 中国-山东-青岛, ISP: 联通, Date: None, Delay: 1646 ms, Speed: 0.65 M/s, Resolution: 1280x720
Name: 西峰综合, URL: https://play.kankanlive.com/live/1683944827526991.m3u8, From: subscribe, IPv_Type: ipv4, Location: 中国-山东-青岛, ISP: 联通, Date: None, Delay: 2247 ms, Speed: 0.48 M/s, Resolution: 1280x720
Name: 哈密一套, URL: https://tvpull.hmgbtv.com/hmtv/channel9cd66b3d5d258b2b.flv, From: subscribe, IPv_Type: ipv4, Location: 美国-伊利诺伊州-库克, ISP: 网宿CDN节点, Date: None, Delay: 1892 ms, Speed: 0.13 M/s, Resolution: 1920x1080
Name: 哈密二套, URL: https://tvpull.hmgbtv.com/hmtv/channel108259412c6a6711/playlist.m3u8, From: subscribe, IPv_Type: ipv4, Location: 美国-伊利诺伊州-库克, ISP: 网宿CDN节点, Date: None, Delay: 83 ms, Speed: 7.54 M/s, Resolution: 1920x1080
Name: 哈密三套, URL: https://tvpull.hmgbtv.com/hmtv/channelfb0e5c505477aa44/playlist.m3u8, From: subscribe, IPv_Type: ipv4, Location: 美国-伊利诺伊州-库克, ISP: 网宿CDN节点, Date: None, Delay: 97 ms, Speed: 6.88 M/s, Resolution: 1920x1080
Name: 伊犁维吾尔, URL: http://110.153.180.106:55555/out_2/index.m3u8?zxinjd, From: subscribe, IPv_Type: ipv4, Location: 中国-新疆-伊犁哈萨克自治州, ISP: 电信, Date: None, Delay: 5540 ms, Speed: 1.11 M/s, Resolution: None
Name: 伊犁维吾尔, URL: http://110.153.180.106:55555/out_2/index.m3u8, From: subscribe, IPv_Type: ipv4, Location: 中国-新疆-伊犁哈萨克自治州, ISP: 电信, Date: None, Delay: 10656 ms, Speed: 0.81 M/s, Resolution: None
Name: 伊犁哈萨克, URL: http://110.153.180.106:55555/out_3/index.m3u8?zxinjd, From: subscribe, IPv_Type: ipv4, Location: 中国-新疆-伊犁哈萨克自治州, ISP: 电信, Date: None, Delay: 4587 ms, Speed: 1.19 M/s, Resolution: None
Name: 伊犁经济法制, URL: http://110.153.180.106:55555/out_4/index.m3u8, From: subscribe, IPv_Type: ipv4, Location: 中国-新疆-伊犁哈萨克自治州, ISP: 电信, Date: None, Delay: 6390 ms, Speed: 1.38 M/s, Resolution: None
Name: 兵团五师双河新闻综合, URL: http://liveout.btzx.com.cn/62ds9e/4nxdih.m3u8?fbl=, From: subscribe, IPv_Type: ipv4, Location: 中国-河南-信阳, ISP: 电信, Date: None, Delay: 1526 ms, Speed: 0.26 M/s, Resolution: 720x576
Name: 兵团五师双河新闻综合, URL: https://liveout.btzx.com.cn/62ds9e/4nxdih.m3u8?zxinjd, From: subscribe, IPv_Type: ipv4, Location: 中国-河南-信阳, ISP: 电信, Date: None, Delay: 3080 ms, Speed: 0.16 M/s, Resolution: 720x576
Name: 奎屯哈萨克语, URL: http://218.84.12.186:8002/hls/main/playlist.m3u8?zxinjd, From: subscribe, IPv_Type: ipv4, Location: 中国-新疆-伊犁哈萨克自治州, ISP: 电信, Date: None, Delay: 3762 ms, Speed: 0.34 M/s, Resolution: 1920x1080
Name: 玛纳斯综合, URL: http://218.84.127.245:1026/hls/main1/playlist.m3u8, From: subscribe, IPv_Type: ipv4, Location: 中国-新疆-昌吉回族自治州, ISP: 电信, Date: None, Delay: 4705 ms, Speed: 0.28 M/s, Resolution: 1920x1080
Name: 玛纳斯综合, URL: http://218.84.127.245:1026/hls/main1/playlist.m3u8?zxinjd, From: subscribe, IPv_Type: ipv4, Location: 中国-新疆-昌吉回族自治州, ISP: 电信, Date: None, Delay: 4904 ms, Speed: 0.25 M/s, Resolution: 1920x1080
Name: 玛纳斯综合, URL: http://218.84.127.245:1026/hls/main1/playlist.m3u8?zxinjd,, From: subscribe, IPv_Type: ipv4, Location: 中国-新疆-昌吉回族自治州, ISP: 电信, Date: None, Delay: 7637 ms, Speed: 0.18 M/s, Resolution: 1920x1080
Name: 可克达拉综合, URL: http://file.loulannews.cn/nmip-media/channellive/channel103824/playlist.m3u8, From: subscribe, IPv_Type: ipv4, Location: 中国-新疆, ISP: 移动, Date: None, Delay: 2855 ms, Speed: 0.54 M/s, Resolution: 1920x1080
Name: 奎屯汉语综合, URL: http://218.84.12.186:8001/hls/main/playlist.m3u8?zxinjd, From: subscribe, IPv_Type: ipv4, Location: 中国-新疆-伊犁哈萨克自治州, ISP: 电信, Date: None, Delay: 6163 ms, Speed: 0.20 M/s, Resolution: 0x0
Name: 巴音郭楞州, URL: rtmp://tv.loulannews.cn/channellive/ch1, From: subscribe, IPv_Type: ipv4, Location: 中国-新疆, ISP: 移动, Date: None, Delay: -1 ms, Speed: inf M/s, Resolution: 1920x1080
Name: 石河子教育, URL: rtmp://124.88.144.73:1935/live/jiaoyu, From: subscribe, IPv_Type: ipv4, Location: 中国-新疆-石河子, ISP: 联通, Date: None, Delay: -1 ms, Speed: inf M/s, Resolution: 1920x1080
Name: 石河子新闻综合, URL: rtmp://124.88.144.73:1935/live/xwzh, From: subscribe, IPv_Type: ipv4, Location: 中国-新疆-石河子, ISP: 联通, Date: None, Delay: -1 ms, Speed: inf M/s, Resolution: 1920x1080
Name: 山东教育, URL: https://iptv.catvod.com/live.php?id=%E5%B1%B1%E4%B8%9C%E6%95%99%E8%82%B2, From: subscribe, IPv_Type: ipv4, Location: 美国-加利福尼亚州-洛杉矶, ISP: IT7网络, Date: None, Delay: 96 ms, Speed: 11.64 M/s, Resolution: 1920x1080
Name: 山东农科, URL: http://58.57.40.22:9901/tsfile/live/1022_1.m3u8, From: subscribe, IPv_Type: ipv4, Location: 中国-山东-临沂, ISP: 电信, Date: None, Delay: 10686 ms, Speed: 0.00 M/s, Resolution: None
Name: 山东生活, URL: http://live.xmcdn.com/live/802/64.m3u8, From: subscribe, IPv_Type: ipv4, Location: 美国-德克萨斯州-达拉斯, ISP: 网宿科技CDN节点, Date: None, Delay: 1099 ms, Speed: 0.06 M/s, Resolution: None
Name: 山东文旅, URL: http://58.57.40.22:9901/tsfile/live/1023_1.m3u8, From: subscribe, IPv_Type: ipv4, Location: 中国-山东-临沂, ISP: 电信, Date: None, Delay: 10117 ms, Speed: 0.00 M/s, Resolution: None
Name: 山东综艺, URL: http://58.57.40.22:9901/tsfile/live/1021_1.m3u8, From: subscribe, IPv_Type: ipv4, Location: 中国-山东-临沂, ISP: 电信, Date: None, Delay: 10395 ms, Speed: 0.00 M/s, Resolution: None
Name: 青州综合, URL: rtmp://sdqz.chinashadt.com:2036/live/stream:1.stream, From: subscribe, IPv_Type: ipv4, Location: 中国-山东-潍坊, ISP: 联通, Date: None, Delay: -1 ms, Speed: inf M/s, Resolution: 720x576
Name: 东营综合, URL: rtmp://stream.hhek.cn:9936/live/xwzh_sd?shandd, From: subscribe, IPv_Type: ipv4, Location: 中国-山东-东营, ISP: 联通, Date: None, Delay: 5554 ms, Speed: 0.00 M/s, Resolution: None
Name: 烟台公共, URL: http://kkk.jjjj.jiduo.me/api.php?n=tttt&id=c7a35a&tk=6949f8ce7202, From: subscribe, IPv_Type: ipv4, Location: 美国, ISP: Bodis有限责任公司, Date: None, Delay: 382 ms, Speed: 0.00 M/s, Resolution: 1280x720
Name: 菏泽新闻综合, URL: http://live.hznet.tv:1935/live/live1/500K/tzwj_video.m3u8?shandd, From: subscribe, IPv_Type: ipv4, Location: 中国-山东-菏泽, ISP: 联通, Date: None, Delay: 3369 ms, Speed: 0.56 M/s, Resolution: 1280x720
Name: 菏泽新闻综合, URL: http://live.hznet.tv:1935/live/live1/500k/tzwj_video.m3u8, From: subscribe, IPv_Type: ipv4, Location: 中国-山东-菏泽, ISP: 联通, Date: None, Delay: 3479 ms, Speed: 0.55 M/s, Resolution: 1280x720
Name: 菏泽经济生活, URL: http://live.hznet.tv:1935/live/live2/500k/tzwj_video.m3u8, From: subscribe, IPv_Type: ipv4, Location: 中国-山东-菏泽, ISP: 联通, Date: None, Delay: 3475 ms, Speed: 0.55 M/s, Resolution: 1280x720
Name: 菏泽经济生活, URL: http://live.hznet.tv:1935/live/live2/500K/tzwj_video.m3u8, From: subscribe, IPv_Type: ipv4, Location: 中国-山东-菏泽, ISP: 联通, Date: None, Delay: 10020 ms, Speed: 0.08 M/s, Resolution: 1280x720
Name: 菏泽经济生活, URL: http://live.hznet.tv:1935/live/live2/500K/tzwj_video.m3u8?shandd, From: subscribe, IPv_Type: ipv4, Location: 中国-山东-菏泽, ISP: 联通, Date: None, Delay: 10377 ms, Speed: 0.00 M/s, Resolution: 1280x720
Name: 万荣综合, URL: http://60.222.246.220:19433/hls1.m3u8, From: subscribe, IPv_Type: ipv4, Location: 中国-山西-运城, ISP: 联通, Date: None, Delay: 10894 ms, Speed: 0.12 M/s, Resolution: 720x404
Name: 古县综合, URL: https://l2fpdktp.live.sxmty.com/live/hls/e4c3b363cc4549788e2d983f403e07db/d99ce1eb686e41b9afc888110bd95aa7.m3u8?zshanxd, From: subscribe, IPv_Type: ipv6, Location: 中国, ISP: 中国电信, Date: None, Delay: 3520 ms, Speed: 0.52 M/s, Resolution: 1920x1080
Name: 大宁综合, URL: http://live.daningtv.com/aac_dngb/playlist.m3u8, From: subscribe, IPv_Type: ipv4, Location: 中国-河北-唐山, ISP: 联通, Date: None, Delay: 10113 ms, Speed: 0.01 M/s, Resolution: None
Name: 定襄综合, URL: http://lbyzztfe.live.sxmty.com/live/hls/645ff4c60e0a49f0a203abbd73dd8be9/0720e665f10f48e98c9639f4f492fb4a-1.m3u8?zshanxd, From: subscribe, IPv_Type: ipv6, Location: 中国, ISP: 中国电信, Date: None, Delay: 4310 ms, Speed: 0.27 M/s, Resolution: 1920x1080
Name: 平遥新闻综合, URL: https://tntgjhjb.live.sxmty.com/live/hls/3a4585ac11ec4e1bb07b419101b370c3/baf63e2b313440c2a25d7859f9b73b05-1.m3u8?zshanxd, From: subscribe, IPv_Type: ipv6, Location: 中国, ISP: 中国电信, Date: None, Delay: 4113 ms, Speed: 0.57 M/s, Resolution: 1920x1080
Name: 武乡新闻综合, URL: http://uzoiczhh.live.sxmty.com/live/hls/0d41f1480c4042d49927858f01fde707/53130407737b417b9a6259b57246bae3.m3u8?zshanxd, From: subscribe, IPv_Type: ipv6, Location: 中国, ISP: 中国电信, Date: None, Delay: 1771 ms, Speed: 0.30 M/s, Resolution: 1920x1080
Name: 祁县新闻综合, URL: http://ggpagerl.live.sxmty.com/live/hls/b350dc1ac5da45c2b2233f6eb122ddf4/49d3766c7f204685a2a8f027b234c33d.m3u8?zshanxd, From: subscribe, IPv_Type: ipv6, Location: 中国, ISP: 中国电信, Date: None, Delay: 4342 ms, Speed: 0.09 M/s, Resolution: 1920x1080
Name: 长子综合, URL: https://www.wxhcgbds.com:8081/channelTv/WXTV_1.m3u8?zshanxd, From: subscribe, IPv_Type: ipv4, Location: 中国-山西-运城, ISP: 电信, Date: None, Delay: 10591 ms, Speed: 0.53 M/s, Resolution: 720x576
Name: 黎城综合, URL: http://111.53.96.67:8081/live/1/index.m3u8, From: subscribe, IPv_Type: ipv4, Location: 中国-山西, ISP: 移动, Date: None, Delay: 2884 ms, Speed: 0.93 M/s, Resolution: 1920x1080
Name: 黎城综合, URL: http://111.53.96.67:8081/live/1/index.m3u8?%E5%85%B3%E6%B3%A8%E5%BE%AE%E4%BF%A1%E5%85%AC%E4%BC%97%E5%8F%B7[%E6%99%B4%E5%9B%AD], From: subscribe, IPv_Type: ipv4, Location: 中国-山西, ISP: 移动, Date: None, Delay: 2988 ms, Speed: 0.91 M/s, Resolution: 1920x1080
Name: 安徽国际, URL: http://hsza.f3322.net:4000/rtp/238.1.78.61:6360, From: subscribe, IPv_Type: ipv4, Location: 中国-安徽-黄山, ISP: 电信, Date: None, Delay: 808 ms, Speed: 0.01 M/s, Resolution: 1920x1080
Name: 安徽影视, URL: http://hsza.f3322.net:4000/rtp/238.1.79.42:4448, From: subscribe, IPv_Type: ipv4, Location: 中国-安徽-黄山, ISP: 电信, Date: None, Delay: 2363 ms, Speed: 0.00 M/s, Resolution: 1920x1080
Name: 安徽导视, URL: http://dspdhls.appcoo.com:8888/live/dspd/index.m3u8, From: subscribe, IPv_Type: ipv4, Location: 中国-安徽, ISP: 移动, Date: None, Delay: 2547 ms, Speed: 0.98 M/s, Resolution: 1920x1080
Name: 合肥新闻, URL: http://112.27.235.94:8000/hls/18/index.m3u8, From: subscribe, IPv_Type: ipv4, Location: 中国-安徽, ISP: 移动, Date: None, Delay: 10094 ms, Speed: 0.14 M/s, Resolution: 720x576
Name: 固镇新闻, URL: http://www.guzhenm.com:7001/hls/hd-live.m3u8, From: subscribe, IPv_Type: ipv4, Location: 中国-安徽-蚌埠, ISP: 电信, Date: None, Delay: 5192 ms, Speed: 0.21 M/s, Resolution: 1920x1080
Name: 黄山新闻综合, URL: http://hslive.hsnewsnet.com/lsdream/hve9Wjs/1000/live.m3u8, From: subscribe, IPv_Type: ipv6, Location: 中国, ISP: 中国电信, Date: None, Delay: 10546 ms, Speed: 0.12 M/s, Resolution: 1920x1080
Name: 黄山新闻综合, URL: http://hslive.hsnewsnet.com/lsdream/hve9Wjs/1000/live.m3u8?zanhd, From: subscribe, IPv_Type: ipv6, Location: 中国, ISP: 中国联通, Date: None, Delay: 10618 ms, Speed: 0.09 M/s, Resolution: 1920x1080
Name: 黄山公共生活, URL: http://hslive.hsnewsnet.com/lsdream/iY92ady/1000/live.m3u8?zanhd, From: subscribe, IPv_Type: ipv6, Location: 中国, ISP: 中国电信, Date: None, Delay: 10672 ms, Speed: 0.14 M/s, Resolution: 1920x1080
Name: 铜陵新闻综合, URL: https://ls.qingting.fm/live/21303/64k.m3u8, From: subscribe, IPv_Type: ipv6, Location: 中国-广东-东莞, ISP: 电信, Date: None, Delay: 2178 ms, Speed: 0.04 M/s, Resolution: 1920x1080
Name: 祁门综合, URL: rtmp://tv.qmxrmt.com/chan/ch1?zanhd#rtmp://tv.qmxrmt.com/chan/ch1, From: subscribe, IPv_Type: ipv4, Location: 中国-安徽, ISP: 移动, Date: None, Delay: -1 ms, Speed: inf M/s, Resolution: 1920x1080
Name: 祁门综合, URL: rtmp://tv.qmxrmt.com/chan/ch1, From: subscribe, IPv_Type: ipv4, Location: 中国-安徽, ISP: 移动, Date: None, Delay: -1 ms, Speed: inf M/s, Resolution: 1920x1080
Name: 祁门综合, URL: rtmp://tv.qmxrmt.com/chan/ch1?zanhd, From: subscribe, IPv_Type: ipv4, Location: 中国-安徽, ISP: 移动, Date: None, Delay: -1 ms, Speed: inf M/s, Resolution: 1920x1080
Name: 祁门综合, URL: http://zbbf2.ahbztv.com/live/416.m3u8?zanhd, From: subscribe, IPv_Type: ipv6, Location: 加拿大, ISP: , Date: None, Delay: 110 ms, Speed: 6.16 M/s, Resolution: 1920x1080
Name: 灵璧综合, URL: http://live.cms.anhuinews.com/video/s10003-lbtv/index.m3u8, From: subscribe, IPv_Type: ipv4, Location: 中国-安徽-合肥, ISP: 电信, Date: None, Delay: 4432 ms, Speed: 0.15 M/s, Resolution: 640x480
Name: 灵璧综合, URL: http://live.cms.anhuinews.com/video/s10003-lbtv/index.m3u8?zanhd#http://live.cms.anhuinews.com/video/s10003-lbtv/index.m3u8, From: subscribe, IPv_Type: ipv4, Location: 中国-安徽-合肥, ISP: 电信, Date: None, Delay: 5842 ms, Speed: 0.11 M/s, Resolution: 640x480
Name: 涡阳新闻综合, URL: http://220.180.124.18:888/live/ch0.m3u8, From: subscribe, IPv_Type: ipv4, Location: 中国-安徽-亳州, ISP: 电信, Date: None, Delay: 3132 ms, Speed: 0.17 M/s, Resolution: 544x480
Name: 广德生活, URL: https://live.gdtv.ah.cn/live/newsTV.m3u8, From: subscribe, IPv_Type: ipv4, Location: 中国-河南-信阳, ISP: 电信, Date: None, Delay: 3882 ms, Speed: 0.54 M/s, Resolution: 1920x1080
Name: 宿松新闻综合, URL: http://live.ahsz.tv/video/s10001-szzh/index.m3u8, From: subscribe, IPv_Type: ipv6, Location: 中国, ISP: 中国电信, Date: None, Delay: 3871 ms, Speed: 0.09 M/s, Resolution: 1920x1080
Name: 宿州科教, URL: rtmp://live.ahsz.tv/video/s10001-kxjy, From: subscribe, IPv_Type: ipv6, Location: 中国, ISP: 中国移动, Date: None, Delay: -1 ms, Speed: inf M/s, Resolution: 1920x1080
Name: 宿州公共, URL: http://live.ahsz.tv/video/s10001-ggpd/index.m3u8, From: subscribe, IPv_Type: ipv6, Location: 中国, ISP: 中国移动, Date: None, Delay: 8036 ms, Speed: 0.02 M/s, Resolution: 1920x1080
Name: 六安新闻综合, URL: http://ls.qingting.fm/live/267.m3u8, From: subscribe, IPv_Type: ipv6, Location: 中国-广东-东莞, ISP: 电信, Date: None, Delay: 687 ms, Speed: 0.09 M/s, Resolution: 1920x1080
Name: 六安公共, URL: http://ls.qingting.fm/live/1794199.m3u8, From: subscribe, IPv_Type: ipv6, Location: 中国-广东-东莞, ISP: 电信, Date: None, Delay: 775 ms, Speed: 0.08 M/s, Resolution: 1920x1080
Name: 亳州农村, URL: http://zbbf2.ahbztv.com/live/418.m3u8?zanhd, From: subscribe, IPv_Type: ipv6, Location: 加拿大, ISP: , Date: None, Delay: 107 ms, Speed: 6.18 M/s, Resolution: 1920x1080
Name: 亳州农村, URL: http://zbbf2.ahbztv.com/live/418.m3u8, From: subscribe, IPv_Type: ipv4, Location: 美国-伊利诺伊州-库克, ISP: 网宿CDN节点, Date: None, Delay: 116 ms, Speed: 5.28 M/s, Resolution: 1920x1080
Name: 宁夏经济, URL: http://satellitepull.cnr.cn/live/wxnxjjgb/playlist.m3u8, From: subscribe, IPv_Type: ipv4, Location: 美国-德克萨斯州-达拉斯, ISP: 网宿科技CDN节点, Date: None, Delay: 18 ms, Speed: 5.38 M/s, Resolution: None
Name: 宁夏经济, URL: https://satellitepull.cnr.cn/live/wxnxjjgb/playlist.m3u8, From: subscribe, IPv_Type: ipv4, Location: 美国-德克萨斯州-达拉斯, ISP: 网宿科技CDN节点, Date: None, Delay: 26 ms, Speed: 4.29 M/s, Resolution: None
Name: 吉林乡村, URL: https://satellitepull.cnr.cn/live/wxjlxcgb/playlist.m3u8, From: subscribe, IPv_Type: ipv4, Location: 美国-德克萨斯州-达拉斯, ISP: 网宿科技CDN节点, Date: None, Delay: 26 ms, Speed: 4.21 M/s, Resolution: None
Name: 延边-2, URL: http://stream8.jlntv.cn/ljtv/playlist.m3u8, From: subscribe, IPv_Type: ipv4, Location: 中国-广东-深圳, ISP: 联通, Date: None, Delay: 1609 ms, Speed: 0.25 M/s, Resolution: 320x240
Name: 延边-2, URL: http://stream5.jlntv.cn/wq/playlist.m3u8, From: subscribe, IPv_Type: ipv4, Location: 中国-福建-泉州, ISP: 联通, Date: None, Delay: 2135 ms, Speed: 0.06 M/s, Resolution: 720x576
Name: 长白山电视台, URL: http://stream8.jlntv.cn/cbstv/sd/live.m3u8?zjild, From: subscribe, IPv_Type: ipv4, Location: 中国-福建-泉州, ISP: 联通, Date: None, Delay: 1651 ms, Speed: 0.08 M/s, Resolution: 320x240
Name: 德惠综合, URL: http://stream11.jlntv.cn/dehuitv/sd/live.m3u8, From: subscribe, IPv_Type: ipv4, Location: 中国-吉林-四平, ISP: 联通, Date: None, Delay: 1968 ms, Speed: 0.32 M/s, Resolution: 720x576
Name: 德惠综合, URL: http://stream11.jlntv.cn/dehuitv/sd/live.m3u8?%E5%85%B3%E6%B3%A8%E5%BE%AE%E4%BF%A1%E5%85%AC%E4%BC%97%E5%8F%B7[%E6%99%B4%E5%9B%AD], From: subscribe, IPv_Type: ipv4, Location: 中国-江苏-淮安, ISP: 电信, Date: None, Delay: 1991 ms, Speed: 0.31 M/s, Resolution: 720x576
Name: 九台综合, URL: http://stream10.jlntv.cn/jiutaitv/sd/live.m3u8?zjild, From: subscribe, IPv_Type: ipv4, Location: 中国-吉林-四平, ISP: 联通, Date: None, Delay: 1585 ms, Speed: 0.23 M/s, Resolution: 720x576
Name: 九台综合, URL: http://stream10.jlntv.cn/jiutaitv/sd/live.m3u8?%E5%85%B3%E6%B3%A8%E5%BE%AE%E4%BF%A1%E5%85%AC%E4%BC%97%E5%8F%B7[%E6%99%B4%E5%9B%AD], From: subscribe, IPv_Type: ipv4, Location: 中国-山东-枣庄, ISP: 联通, Date: None, Delay: 1434 ms, Speed: 0.21 M/s, Resolution: 720x576
Name: 九台综合, URL: http://stream10.jlntv.cn/jiutaitv/sd/live.m3u8, From: subscribe, IPv_Type: ipv4, Location: 中国-吉林-四平, ISP: 联通, Date: None, Delay: 2155 ms, Speed: 0.20 M/s, Resolution: 720x576
Name: 长白朝语, URL: http://hplayer1.juyun.tv:80/camera/11344136.m3u8, From: subscribe, IPv_Type: ipv6, Location: 中国, ISP: 中国联通, Date: None, Delay: 1213 ms, Speed: 0.20 M/s, Resolution: 1920x1080
Name: 靖宇综合, URL: http://stream9.jlntv.cn:80/aac_jygb/playlist.m3u8, From: subscribe, IPv_Type: ipv4, Location: 中国-贵州-六盘水, ISP: 联通, Date: None, Delay: 882 ms, Speed: 0.05 M/s, Resolution: None
Name: 敦化一套, URL: http://stream8.jlntv.cn/dhtv/playlist.m3u8?zjild, From: subscribe, IPv_Type: ipv4, Location: 中国-江苏-南京, ISP: 电信, Date: None, Delay: 968 ms, Speed: 0.12 M/s, Resolution: 720x576
Name: 敦化一套, URL: http://stream8.jlntv.cn/dhtv/playlist.m3u8, From: subscribe, IPv_Type: ipv4, Location: 中国-广东-深圳, ISP: 联通, Date: None, Delay: 1726 ms, Speed: 0.10 M/s, Resolution: 320x240
Name: 珲春新闻综合, URL: http://stream8.jlntv.cn/hctv/sd/live.m3u8?zjild&amp;amp;quot;, From: subscribe, IPv_Type: ipv4, Location: 中国-广东-深圳, ISP: 联通, Date: None, Delay: 1464 ms, Speed: 0.23 M/s, Resolution: 720x576
Name: 珲春新闻综合, URL: http://stream8.jlntv.cn/hctv/sd/live.m3u8?zjild&quot;, From: subscribe, IPv_Type: ipv4, Location: 中国-广东-深圳, ISP: 联通, Date: None, Delay: 1461 ms, Speed: 0.22 M/s, Resolution: 720x576
Name: 珲春新闻综合, URL: http://stream8.jlntv.cn/hctv/sd/live.m3u8, From: subscribe, IPv_Type: ipv4, Location: 中国-广东-深圳, ISP: 联通, Date: None, Delay: 1495 ms, Speed: 0.22 M/s, Resolution: 720x576
Name: 珲春新闻综合, URL: http://stream8.jlntv.cn/hctv/sd/live.m3u8?zjild,, From: subscribe, IPv_Type: ipv4, Location: 中国-广东-深圳, ISP: 联通, Date: None, Delay: 1680 ms, Speed: 0.21 M/s, Resolution: 720x576
Name: 珲春新闻综合, URL: http://stream8.jlntv.cn/hctv/sd/live.m3u8?zjild&amp;quot;, From: subscribe, IPv_Type: ipv4, Location: 中国-广东-深圳, ISP: 联通, Date: None, Delay: 2200 ms, Speed: 0.20 M/s, Resolution: 720x576
Name: 珲春新闻综合, URL: http://stream8.jlntv.cn/hctv/sd/live.m3u8?zjild, From: subscribe, IPv_Type: ipv4, Location: 中国-广东-深圳, ISP: 联通, Date: None, Delay: 3634 ms, Speed: 0.16 M/s, Resolution: 720x576
Name: 龙井综合, URL: http://stream9.jlntv.cn:80/aac_longjinggb/playlist.m3u8, From: subscribe, IPv_Type: ipv4, Location: 中国-贵州-六盘水, ISP: 联通, Date: None, Delay: 685 ms, Speed: 0.05 M/s, Resolution: None
Name: 梅河口综合, URL: http://stream3.jlntv.cn:80/aac_mhkgb/playlist.m3u8, From: subscribe, IPv_Type: ipv4, Location: 中国-青海, ISP: 联通, Date: None, Delay: 811 ms, Speed: 0.05 M/s, Resolution: None
Name: 桦甸综合, URL: http://stream9.jlntv.cn:80/aac_huadiangb/playlist.m3u8, From: subscribe, IPv_Type: ipv4, Location: 中国-贵州-六盘水, ISP: 联通, Date: None, Delay: 922 ms, Speed: 0.05 M/s, Resolution: None
Name: 磐石综合, URL: http://stream3.jlntv.cn:80/aac_psgb/sd/live.m3u8, From: subscribe, IPv_Type: ipv4, Location: 中国-青海, ISP: 联通, Date: None, Delay: 3636 ms, Speed: 0.02 M/s, Resolution: None
Name: 舒兰新闻综合, URL: http://stream8.jlntv.cn/shulan/sd/live.m3u8?_upt=332db6421699196585, From: subscribe, IPv_Type: ipv4, Location: 中国-江苏-南京, ISP: 电信, Date: None, Delay: 1872 ms, Speed: 0.17 M/s, Resolution: 320x240
Name: 舒兰新闻综合, URL: http://stream8.jlntv.cn/shulan/sd/live.m3u8?zjild, From: subscribe, IPv_Type: ipv4, Location: 中国-广东-深圳, ISP: 联通, Date: None, Delay: 1976 ms, Speed: 0.17 M/s, Resolution: 320x240
Name: 东丰综合, URL: http://stream3.jlntv.cn:80/aac_dfgb/playlist.m3u8, From: subscribe, IPv_Type: ipv4, Location: 中国-青海, ISP: 联通, Date: None, Delay: 1026 ms, Speed: 0.04 M/s, Resolution: None
Name: 双辽综合, URL: http://stream3.jlntv.cn:80/aac_slgb/playlist.m3u8, From: subscribe, IPv_Type: ipv4, Location: 中国-青海, ISP: 联通, Date: None, Delay: 861 ms, Speed: 0.05 M/s, Resolution: None
Name: 辉南新闻综合, URL: http://stream5.jlntv.cn/hn/sd/live.m3u8, From: subscribe, IPv_Type: ipv4, Location: 中国-福建-泉州, ISP: 联通, Date: None, Delay: 1938 ms, Speed: 0.24 M/s, Resolution: 720x576
Name: 辉南新闻综合, URL: http://stream5.jlntv.cn/hn/sd/live.m3u8?%E5%85%B3%E6%B3%A8%E5%BE%AE%E4%BF%A1%E5%85%AC%E4%BC%97%E5%8F%B7[%E6%99%B4%E5%9B%AD], From: subscribe, IPv_Type: ipv4, Location: 中国-山东-枣庄, ISP: 联通, Date: None, Delay: 1934 ms, Speed: 0.21 M/s, Resolution: 720x576
Name: 辉南新闻综合, URL: http://stream5.jlntv.cn/hn/sd/live.m3u8?zjild, From: subscribe, IPv_Type: ipv4, Location: 中国-福建-泉州, ISP: 联通, Date: None, Delay: 1529 ms, Speed: 0.21 M/s, Resolution: 720x576
Name: 柳河综合, URL: http://stream3.jlntv.cn:80/aac_lhgb/sd/live.m3u8, From: subscribe, IPv_Type: ipv4, Location: 中国-青海, ISP: 联通, Date: None, Delay: 631 ms, Speed: 0.06 M/s, Resolution: None
Name: 通化县综合, URL: http://stream3.jlntv.cn:80/aac_thxgb/playlist.m3u8, From: subscribe, IPv_Type: ipv4, Location: 中国-青海, ISP: 联通, Date: None, Delay: 893 ms, Speed: 0.04 M/s, Resolution: None
Name: 汪清综合, URL: http://stream5.jlntv.cn/wq/sd/live.m3u8?zjild, From: subscribe, IPv_Type: ipv4, Location: 中国-福建-泉州, ISP: 联通, Date: None, Delay: 1077 ms, Speed: 0.09 M/s, Resolution: 720x576
Name: 汪清综合, URL: http://stream5.jlntv.cn/wq/sd/live.m3u8?_upt=eb80947d1699080781, From: subscribe, IPv_Type: ipv4, Location: 中国-山东-枣庄, ISP: 联通, Date: None, Delay: 1498 ms, Speed: 0.08 M/s, Resolution: 720x576
Name: 汪清综合, URL: http://stream5.jlntv.cn/wq/sd/live.m3u8, From: subscribe, IPv_Type: ipv4, Location: 中国-福建-泉州, ISP: 联通, Date: None, Delay: 4037 ms, Speed: 0.05 M/s, Resolution: 720x576
Name: 易门综合, URL: https://zb-live.ynurl.com/yimen/3b75a2f9-7941-46b7-992d-a9796fbca5fe.m3u8, From: subscribe, IPv_Type: ipv4, Location: 中国-广东-深圳, ISP: 腾讯云, Date: None, Delay: 2583 ms, Speed: 0.38 M/s, Resolution: 1920x1080
Name: 通海电视台, URL: https://zb-live.ynurl.com/tonghai/3bfe3a9e-48e6-4c1e-8770-1df66447cc6c.m3u8, From: subscribe, IPv_Type: ipv4, Location: 中国-广东-深圳, ISP: 腾讯云, Date: None, Delay: 4146 ms, Speed: 0.44 M/s, Resolution: 1920x1080
Name: 陇川综合, URL: https://zb-live.ynurl.com/longchuan/58f88df3-605e-4c57-865c-8e8f85241ca1.m3u8, From: subscribe, IPv_Type: ipv4, Location: 中国-广东-深圳, ISP: 腾讯云, Date: None, Delay: 3052 ms, Speed: 0.71 M/s, Resolution: 1920x1080
Name: 云南都市, URL: https://hwapi.yntv.net/62hdvf/rjwt14.m3u8, From: subscribe, IPv_Type: ipv4, Location: 中国-海南-海口, ISP: 电信, Date: None, Delay: 3248 ms, Speed: 0.22 M/s, Resolution: 1280x720
Name: 云南娱乐, URL: https://hwapi.yntv.net/62hdvf/q9vs1b.m3u8, From: subscribe, IPv_Type: ipv4, Location: 中国-海南-海口, ISP: 电信, Date: None, Delay: 4313 ms, Speed: 0.14 M/s, Resolution: 1280x720
Name: 安多卫视, URL: rtmp://liveout.xntv.tv/a65jur/96iln2, From: subscribe, IPv_Type: ipv6, Location: 中国, ISP: 中国电信, Date: None, Delay: -1 ms, Speed: inf M/s, Resolution: 1920x1080
Name: 安多卫视, URL: https://liveout.xntv.tv/a65jur/90p2i1.m3u8?zqinghd, From: subscribe, IPv_Type: ipv6, Location: 中国, ISP: 中国电信, Date: None, Delay: 8077 ms, Speed: 0.09 M/s, Resolution: 1920x1080
Name: 西宁新闻综合, URL: https://liveout.xntv.tv/a65jur/90p2i1.m3u8, From: subscribe, IPv_Type: ipv6, Location: 中国, ISP: 中国电信, Date: None, Delay: 9578 ms, Speed: 0.07 M/s, Resolution: 1920x1080
Name: 黑龙江新闻, URL: https://ls.qingting.fm/live/4974/64k.m3u8, From: subscribe, IPv_Type: ipv6, Location: 中国-广东-东莞, ISP: 电信, Date: None, Delay: 1462 ms, Speed: 0.06 M/s, Resolution: 1920x1080
Name: 哈尔滨新闻综合, URL: https://stream.hrbtv.net/xwzh/playlist.m3u8, From: subscribe, IPv_Type: ipv4, Location: 中国-黑龙江-哈尔滨, ISP: 联通, Date: None, Delay: 10208 ms, Speed: 0.02 M/s, Resolution: 640x480
Name: 哈尔滨新闻综合, URL: https://stream.hrbtv.net/xwzh/sd/live.m3u8, From: subscribe, IPv_Type: ipv4, Location: 中国-黑龙江-哈尔滨, ISP: 联通, Date: None, Delay: 10025 ms, Speed: 0.02 M/s, Resolution: 640x480
Name: 哈尔滨新闻综合, URL: http://stream.hrbtv.net/xwzh/sd/live.m3u8?zheild, From: subscribe, IPv_Type: ipv4, Location: 中国-黑龙江-哈尔滨, ISP: 联通, Date: None, Delay: 10822 ms, Speed: 0.01 M/s, Resolution: None
Name: 哈尔滨新闻综合, URL: http://stream.hrbtv.net/xwzh/sd/live.m3u8, From: subscribe, IPv_Type: ipv4, Location: 中国-黑龙江-哈尔滨, ISP: 联通, Date: None, Delay: 10798 ms, Speed: 0.01 M/s, Resolution: None
Name: 哈尔滨影视, URL: https://stream.hrbtv.net/yspd/playlist.m3u8, From: subscribe, IPv_Type: ipv4, Location: 中国-黑龙江-哈尔滨, ISP: 联通, Date: None, Delay: 10394 ms, Speed: 0.02 M/s, Resolution: 640x480
Name: 哈尔滨影视, URL: https://stream.hrbtv.net/yspd/sd/live.m3u8, From: subscribe, IPv_Type: ipv4, Location: 中国-黑龙江-哈尔滨, ISP: 联通, Date: None, Delay: 10451 ms, Speed: 0.01 M/s, Resolution: 640x480
Name: 哈尔滨影视, URL: http://stream.hrbtv.net/yspd/sd/live.m3u8?zheild#http://stream.hrbtv.net/yspd/sd/live.m3u8, From: subscribe, IPv_Type: ipv4, Location: 中国-黑龙江-哈尔滨, ISP: 联通, Date: None, Delay: 10787 ms, Speed: 0.01 M/s, Resolution: None
Name: 哈尔滨影视, URL: http://stream.hrbtv.net/yspd/sd/live.m3u8?zheild, From: subscribe, IPv_Type: ipv4, Location: 中国-黑龙江-哈尔滨, ISP: 联通, Date: None, Delay: 10803 ms, Speed: 0.01 M/s, Resolution: None
Name: 哈尔滨影视, URL: http://stream.hrbtv.net/yspd/sd/live.m3u8, From: subscribe, IPv_Type: ipv4, Location: 中国-黑龙江-哈尔滨, ISP: 联通, Date: None, Delay: 10801 ms, Speed: 0.01 M/s, Resolution: None
Name: 哈尔滨影视, URL: http://111.43.126.240:9003/hls/5/index.m3u8, From: subscribe, IPv_Type: ipv4, Location: 中国-黑龙江, ISP: 移动, Date: None, Delay: 237 ms, Speed: 0.00 M/s, Resolution: 720x576
Name: 哈尔滨资讯, URL: http://stream.hrbtv.net/zxpd/sd/live.m3u8, From: subscribe, IPv_Type: ipv4, Location: 中国-黑龙江-哈尔滨, ISP: 联通, Date: None, Delay: 1823 ms, Speed: 0.01 M/s, Resolution: None
Name: 哈尔滨生活, URL: https://stream.hrbtv.net/shpd/playlist.m3u8, From: subscribe, IPv_Type: ipv4, Location: 中国-黑龙江-哈尔滨, ISP: 联通, Date: None, Delay: 10216 ms, Speed: 0.02 M/s, Resolution: 640x480
Name: 哈尔滨生活, URL: https://stream.hrbtv.net/shpd/sd/live.m3u8, From: subscribe, IPv_Type: ipv4, Location: 中国-黑龙江-哈尔滨, ISP: 联通, Date: None, Delay: 10727 ms, Speed: 0.01 M/s, Resolution: 640x480
Name: 哈尔滨生活, URL: http://stream.hrbtv.net/shpd/sd/live.m3u8?zheild, From: subscribe, IPv_Type: ipv4, Location: 中国-黑龙江-哈尔滨, ISP: 联通, Date: None, Delay: 10780 ms, Speed: 0.01 M/s, Resolution: None
Name: 哈尔滨生活, URL: http://stream.hrbtv.net/shpd/sd/live.m3u8, From: subscribe, IPv_Type: ipv4, Location: 中国-黑龙江-哈尔滨, ISP: 联通, Date: None, Delay: 10305 ms, Speed: 0.00 M/s, Resolution: None
Name: 哈尔滨生活, URL: http://111.43.126.240:9003/hls/3/index.m3u8, From: subscribe, IPv_Type: ipv4, Location: 中国-黑龙江, ISP: 移动, Date: None, Delay: 238 ms, Speed: 0.00 M/s, Resolution: 720x576
Name: 哈尔滨娱乐, URL: https://stream.hrbtv.net/ylpd/sd/live.m3u8, From: subscribe, IPv_Type: ipv4, Location: 中国-黑龙江-哈尔滨, ISP: 联通, Date: None, Delay: 4169 ms, Speed: 0.01 M/s, Resolution: 640x480
Name: 哈尔滨娱乐, URL: http://stream.hrbtv.net/ylpd/sd/live.m3u8?zheild, From: subscribe, IPv_Type: ipv4, Location: 中国-黑龙江-哈尔滨, ISP: 联通, Date: None, Delay: 10450 ms, Speed: 0.01 M/s, Resolution: None
Name: 哈尔滨娱乐, URL: http://stream.hrbtv.net/ylpd/sd/live.m3u8?zheild#http://stream.hrbtv.net/ylpd/sd/live.m3u8#https://stream.hrbtv.net/ylpd/sd/live.m3u8, From: subscribe, IPv_Type: ipv4, Location: 中国-黑龙江-哈尔滨, ISP: 联通, Date: None, Delay: 10681 ms, Speed: 0.00 M/s, Resolution: None
Name: 哈尔滨娱乐, URL: http://stream.hrbtv.net/ylpd/sd/live.m3u8, From: subscribe, IPv_Type: ipv4, Location: 中国-黑龙江-哈尔滨, ISP: 联通, Date: None, Delay: 10748 ms, Speed: 0.00 M/s, Resolution: None
Name: 大庆新闻综合, URL: rtmp://masterpull.hljtv.com/live/4WdrZLCq, From: subscribe, IPv_Type: ipv4, Location: 中国-黑龙江, ISP: 移动, Date: None, Delay: 5151 ms, Speed: 0.00 M/s, Resolution: None
Name: 七台河新闻综合, URL: http://live.qthnews.org.cn:1935/live/live1/800k/tzwj_video.m3u8, From: subscribe, IPv_Type: ipv4, Location: 中国-黑龙江-哈尔滨, ISP: 联通, Date: None, Delay: 2745 ms, Speed: 0.34 M/s, Resolution: 1280x720
Name: 佳木斯新闻综合, URL: http://live.qthnews.org.cn:1935/live/live2/800k/tzwj_video.m3u8, From: subscribe, IPv_Type: ipv4, Location: 中国-黑龙江-哈尔滨, ISP: 联通, Date: None, Delay: 2772 ms, Speed: 0.34 M/s, Resolution: 1280x720
Name: 佳木斯新闻综合, URL: rtmp://masterpull.hljtv.com/live/l9wQtsVs, From: subscribe, IPv_Type: ipv4, Location: 中国-黑龙江, ISP: 移动, Date: None, Delay: 5070 ms, Speed: 0.00 M/s, Resolution: None
Name: 甘南县综合, URL: rtmp://masterpull.hljtv.com/live/YbFyF4Jb, From: subscribe, IPv_Type: ipv4, Location: 中国-黑龙江, ISP: 移动, Date: None, Delay: 5148 ms, Speed: 0.00 M/s, Resolution: None
Name: 齐齐哈尔新闻综合, URL: rtmp://masterpull.hljtv.com/live/dUi8b96l, From: subscribe, IPv_Type: ipv4, Location: 中国-黑龙江, ISP: 移动, Date: None, Delay: 5060 ms, Speed: 0.00 M/s, Resolution: None
Name: 齐齐哈尔新闻综合, URL: rtmp://rmplive.hljtv.com/live/qiqihaer, From: subscribe, IPv_Type: ipv4, Location: 中国-黑龙江, ISP: 移动, Date: None, Delay: 5071 ms, Speed: 0.00 M/s, Resolution: None
Name: 双鸭山综合, URL: rtmp://masterpull.hljtv.com/live/BowdCSzZ, From: subscribe, IPv_Type: ipv4, Location: 中国-黑龙江, ISP: 移动, Date: None, Delay: 5059 ms, Speed: 0.00 M/s, Resolution: None
Name: 翡翠台, URL: rtmp://223.76.215.33/live/xaingjiaoge-jade, From: subscribe, IPv_Type: ipv4, Location: 中国-湖北-黄石, ISP: 移动, Date: None, Delay: -1 ms, Speed: inf M/s, Resolution: 1920x1080
Name: 翡翠台, URL: rtmp://oc-play-ali.vipkid.com.cn/live/xianajiaoge-fct, From: subscribe, IPv_Type: ipv4, Location: 美国-科罗拉多州-布鲁姆菲尔德, ISP: Level3, Date: None, Delay: -1 ms, Speed: inf M/s, Resolution: 1920x1080
Name: 翡翠台, URL: http://php.jdshipin.com:8880/TVOD/iptv.php?id=fct, From: subscribe, IPv_Type: ipv6, Location: 美国, ISP: CloudFlare Inc., Date: None, Delay: 275 ms, Speed: 38.63 M/s, Resolution: None
Name: 翡翠台, URL: http://php.jdshipin.com/TVOD/iptv.php?id=huali, From: subscribe, IPv_Type: ipv6, Location: 美国, ISP: CloudFlare Inc., Date: None, Delay: 180 ms, Speed: 26.61 M/s, Resolution: 1920x1080
Name: 明珠台, URL: http://php.jdshipin.com/TVOD/iptv.php?id=mzt, From: subscribe, IPv_Type: ipv6, Location: 美国, ISP: CloudFlare Inc., Date: None, Delay: 94 ms, Speed: 25.27 M/s, Resolution: 1920x1080
Name: 明珠台, URL: https://o11.163189.xyz/stream/tvb/mzt/, From: subscribe, IPv_Type: ipv6, Location: 美国, ISP: CloudFlare Inc., Date: None, Delay: 108 ms, Speed: 24.08 M/s, Resolution: 1920x1080
Name: 明珠台, URL: http://o11.163189.xyz/stream/tvb/mzt/, From: subscribe, IPv_Type: ipv6, Location: 美国, ISP: CloudFlare Inc., Date: None, Delay: 144 ms, Speed: 20.07 M/s, Resolution: 1920x1080
Name: 明珠台, URL: http://r.jdshipin.com/ZQ4kN, From: subscribe, IPv_Type: ipv6, Location: 美国, ISP: CloudFlare Inc., Date: None, Delay: 140 ms, Speed: 19.21 M/s, Resolution: 1920x1080
Name: 凤凰中文, URL: rtmp://oc-play-ali.vipkid.com.cn/live/xianajiaoge-fhzw, From: subscribe, IPv_Type: ipv4, Location: 美国-科罗拉多州-布鲁姆菲尔德, ISP: Level3, Date: None, Delay: 2259 ms, Speed: inf M/s, Resolution: 1920x1080
Name: 凤凰中文, URL: http://php.jdshipin.com/TVOD/iptv.php?id=fhzw, From: subscribe, IPv_Type: ipv6, Location: 美国, ISP: CloudFlare Inc., Date: None, Delay: 250 ms, Speed: 34.72 M/s, Resolution: None
Name: 凤凰资讯, URL: rtmp://oc-play-ali.vipkid.com.cn/live/xianajiaoge-fhzx, From: subscribe, IPv_Type: ipv4, Location: 美国-科罗拉多州-布鲁姆菲尔德, ISP: Level3, Date: None, Delay: 1838 ms, Speed: inf M/s, Resolution: 1920x1080
Name: TVBS亚洲, URL: http://d2e1asnsl7br7b.cloudfront.net/7782e205e72f43aeb4a48ec97f66ebbe/index_5.m3u8?zshijd, From: subscribe, IPv_Type: ipv6, Location: 美国, ISP: Amazon, Date: None, Delay: 74 ms, Speed: 32.34 M/s, Resolution: 1920x1080
Name: TVBS亚洲, URL: http://38.64.72.148:80/hls/modn/list/4005/chunklist1.m3u8, From: subscribe, IPv_Type: ipv4, Location: 美国-加利福尼亚州-洛杉矶, ISP: Cogent, Date: None, Delay: 3696 ms, Speed: 0.32 M/s, Resolution: 1920x1080
Name: J2, URL: http://php.jdshipin.com:8880/PLTV/iptv.php?id=j2, From: subscribe, IPv_Type: ipv6, Location: 美国, ISP: CloudFlare Inc., Date: None, Delay: 10421 ms, Speed: 0.00 M/s, Resolution: 1920x1080
Name: Viutv, URL: https://turkmedya-live.ercdn.net/tv360/tv360.m3u8, From: subscribe, IPv_Type: ipv4, Location: 美国-伊利诺伊州-库克, ISP: FDC机房, Date: None, Delay: 1216 ms, Speed: 1.70 M/s, Resolution: 1920x1080
Name: 无线新闻, URL: http://php.jdshipin.com:8880/TVOD/iptv.php?id=tvbxw, From: subscribe, IPv_Type: ipv6, Location: 美国, ISP: CloudFlare Inc., Date: None, Delay: 143 ms, Speed: 32.43 M/s, Resolution: 1920x1080
Name: 东森超视, URL: http://38.64.72.148:80/hls/modn/list/2013/chunklist1.m3u8, From: subscribe, IPv_Type: ipv4, Location: 美国-加利福尼亚州-洛杉矶, ISP: Cogent, Date: None, Delay: 4618 ms, Speed: 0.28 M/s, Resolution: 1920x1080
Name: 靖天资讯, URL: http://fbd48279.ott.oxtvs.com/ott/?q=9222549520c295e029ec6ff9d9f66695&id=5055, From: subscribe, IPv_Type: ipv4, Location: 美国-加利福尼亚州-洛杉矶, ISP: IT7网络, Date: None, Delay: 165 ms, Speed: 0.49 M/s, Resolution: 1280x720
Name: 靖天资讯, URL: http://breezy-audrie-zspace-7524863c.koyeb.app/vipsir?token=leifeng&id=4gtv-4gtv065, From: subscribe, IPv_Type: ipv6, Location: 美国, ISP: CloudFlare Inc., Date: None, Delay: 443 ms, Speed: 0.00 M/s, Resolution: None
Name: 靖天资讯, URL: http://xtvantsc.xyz/litv_ts.php?id=4gtv-4gtv065, From: subscribe, IPv_Type: ipv4, Location: 美国, ISP: , Date: None, Delay: 918 ms, Speed: 0.00 M/s, Resolution: None
Name: 靖天资讯, URL: https://tmxk.pp.ua/litv.php?token=tmxk&id=4gtv-4gtv065, From: subscribe, IPv_Type: ipv6, Location: 美国, ISP: Oracle Corporation, Date: None, Delay: 411 ms, Speed: 0.00 M/s, Resolution: None
Name: 靖天资讯, URL: http://nmk.ioapk.com:5050/4gtv-4gtv065/index.m3u8?proxy=true, From: subscribe, IPv_Type: ipv4, Location: 中国-台湾, ISP: 中华电信, Date: None, Delay: 583 ms, Speed: 0.00 M/s, Resolution: None
Name: 靖天资讯, URL: http://nmk.ioapk.com:5050/li-4gtv-4gtv065/index.m3u8?proxy=true, From: subscribe, IPv_Type: ipv4, Location: 中国-台湾, ISP: 中华电信, Date: None, Delay: 620 ms, Speed: 0.00 M/s, Resolution: None
Name: 靖天资讯, URL: http://220.135.64.124:5050/4gtv-4gtv065/index.m3u8?proxy=true, From: subscribe, IPv_Type: ipv4, Location: 中国-台湾, ISP: 中华电信, Date: None, Delay: 577 ms, Speed: 0.00 M/s, Resolution: None
Name: 靖天资讯, URL: http://220.135.64.124:5050/li-4gtv-4gtv065/index.m3u8?proxy=true, From: subscribe, IPv_Type: ipv4, Location: 中国-台湾, ISP: 中华电信, Date: None, Delay: 892 ms, Speed: 0.00 M/s, Resolution: None
Name: CHC高清电影, URL: http://183.237.95.108:9901/tsfile/live/1008_1.m3u8?key=txiptv&playlive=0&authid=0, From: subscribe, IPv_Type: ipv4, Location: 中国-广东-梅州, ISP: 移动, Date: None, Delay: 10581 ms, Speed: 0.17 M/s, Resolution: 1920x1080
Name: CHC高清电影, URL: http://218.15.183.23:9901/tsfile/live/23044_1.m3u8, From: subscribe, IPv_Type: ipv4, Location: 中国-广东-梅州, ISP: 电信, Date: None, Delay: 10569 ms, Speed: 0.12 M/s, Resolution: 1920x1080
Name: CHC高清电影, URL: http://dassby.qqff.top:99/live/CHC高清/index.m3u8, From: subscribe, IPv_Type: ipv4, Location: 中国-辽宁-鞍山, ISP: 联通, Date: None, Delay: 10609 ms, Speed: 0.08 M/s, Resolution: 1920x1080
Name: CHC高清电影, URL: rtsp://115.153.247.80/PLTV/88888888/224/3221226990/86128784.smil, From: subscribe, IPv_Type: ipv4, Location: 中国-江西-宜春, ISP: 电信, Date: None, Delay: 10005 ms, Speed: 0.00 M/s, Resolution: None
Name: CHC高清电影, URL: rtsp://115.153.230.145/PLTV/88888888/224/3221226990/86128784.smil, From: subscribe, IPv_Type: ipv4, Location: 中国-江西-宜春, ISP: 电信, Date: None, Delay: 10004 ms, Speed: 0.00 M/s, Resolution: None
Name: CHC高清电影, URL: rtsp://115.153.222.112:554/PLTV/88888888/224/3221226990/86128784.smil, From: subscribe, IPv_Type: ipv4, Location: 中国-江西-宜春, ISP: 电信, Date: None, Delay: 10004 ms, Speed: 0.00 M/s, Resolution: None
Name: NewTV惊悚悬疑, URL: https://iptv.catvod.com/live.php?id=NewTV%E6%83%8A%E6%82%9A%E6%82%AC%E7%96%91, From: subscribe, IPv_Type: ipv6, Location: 美国, ISP: CloudFlare Inc., Date: None, Delay: 76 ms, Speed: 12.11 M/s, Resolution: 1920x1080
Name: NewTV动作电影, URL: https://iptv.catvod.com/live.php?id=NewTV%E5%8A%A8%E4%BD%9C%E7%94%B5%E5%BD%B1, From: subscribe, IPv_Type: ipv6, Location: 美国, ISP: CloudFlare Inc., Date: None, Delay: 86 ms, Speed: 11.44 M/s, Resolution: 1920x1080
Name: 靖天映画, URL: https://cdn12.178.indevs.in/163189/bd4752bd7828b2bf, From: subscribe, IPv_Type: ipv6, Location: 美国, ISP: CloudFlare Inc., Date: None, Delay: 310 ms, Speed: 3.63 M/s, Resolution: 1920x1080
Name: 靖天戏剧, URL: https://cdn12.178.indevs.in/163189/177d541552f78003, From: subscribe, IPv_Type: ipv6, Location: 美国, ISP: CloudFlare Inc., Date: None, Delay: 206 ms, Speed: 8.75 M/s, Resolution: 1920x1080
Name: IPTV经典电影, URL: http://183.220.107.138:4022/rtp/239.10.0.122:5140, From: subscribe, IPv_Type: ipv4, Location: 中国-四川-成都, ISP: 移动, Date: None, Delay: 477 ms, Speed: 0.28 M/s, Resolution: 1920x1080
Name: 劲爆体育, URL: https://www.freetv.top/migu/796071336.m3u8?migutoken=05144ee4526abc2f6a8d44a41f9e078ef10c1a9f8930d51d7f453315d3577b613eac76898b1e0965789f7010cd3f8a1bca3167ef6e625cb77fc2c575eec35c8d07aaff61dc4b79f75fc67ef667, From: subscribe, IPv_Type: ipv6, Location: 美国-加利福尼亚州-圣克拉拉, ISP: DigitalOcean, Date: None, Delay: 98 ms, Speed: 4.90 M/s, Resolution: 1920x1080
Name: 爱体育, URL: rtsp://180.95.143.19/PLTV/88888910/224/3221225508/10000100000000060000000000107288_0.smil, From: subscribe, IPv_Type: ipv4, Location: 中国-甘肃-金昌, ISP: 联通, Date: None, Delay: 10004 ms, Speed: 0.00 M/s, Resolution: None
Name: 爱体育, URL: rtsp://116.176.26.18/PLTV/88888910/224/3221225508/10000100000000060000000000107288_0.smil, From: subscribe, IPv_Type: ipv4, Location: 中国-甘肃, ISP: 联通, Date: None, Delay: 10005 ms, Speed: 0.00 M/s, Resolution: None
Name: 爱体育, URL: rtsp://118.212.169.207:554/PLTV/88888888/224/3221227315/10000100000000060000000001946406_0.smil, From: subscribe, IPv_Type: ipv4, Location: 中国-江西, ISP: 联通, Date: None, Delay: 10005 ms, Speed: 0.00 M/s, Resolution: None
Name: 爱体育, URL: rtsp://60.13.39.19/PLTV/88888910/224/3221225508/10000100000000060000000000107288_0.smil, From: subscribe, IPv_Type: ipv4, Location: 中国-甘肃-天水, ISP: 联通, Date: None, Delay: 10006 ms, Speed: 0.00 M/s, Resolution: None
Name: 爱体育, URL: rtsp://60.13.23.179/PLTV/88888910/224/3221225508/10000100000000060000000000107288_0.smil, From: subscribe, IPv_Type: ipv4, Location: 中国-甘肃-兰州, ISP: 联通, Date: None, Delay: 10006 ms, Speed: 0.00 M/s, Resolution: None
Name: 爱体育, URL: rtsp://221.7.61.147/PLTV/88888910/224/3221225508/10000100000000060000000000107288_0.smil, From: subscribe, IPv_Type: ipv4, Location: 中国-甘肃-白银, ISP: 联通, Date: None, Delay: 10006 ms, Speed: 0.00 M/s, Resolution: None
Name: 爱体育, URL: rtsp://116.176.26.19/PLTV/88888910/224/3221225508/10000100000000060000000000107288_0.smil, From: subscribe, IPv_Type: ipv4, Location: 中国-甘肃, ISP: 联通, Date: None, Delay: 10004 ms, Speed: 0.00 M/s, Resolution: None
Name: 爱体育, URL: rtsp://60.13.39.18/PLTV/88888910/224/3221225508/10000100000000060000000000107288_0.smil, From: subscribe, IPv_Type: ipv4, Location: 中国-甘肃-天水, ISP: 联通, Date: None, Delay: 10005 ms, Speed: 0.00 M/s, Resolution: None
Name: 爱体育, URL: rtsp://115.153.245.70/PLTV/88888888/224/3221227012/86440946.smil, From: subscribe, IPv_Type: ipv4, Location: 中国-江西-宜春, ISP: 电信, Date: None, Delay: 10005 ms, Speed: 0.00 M/s, Resolution: None
Name: 爱体育, URL: rtsp://115.153.254.81/PLTV/88888888/224/3221227044/86502115.smil, From: subscribe, IPv_Type: ipv4, Location: 中国-江西-宜春, ISP: 电信, Date: None, Delay: 10004 ms, Speed: 0.00 M/s, Resolution: None
Name: 爱体育, URL: rtsp://115.153.240.228:554/PLTV/88888888/224/3221227044/86502115.smil, From: subscribe, IPv_Type: ipv4, Location: 中国-江西-宜春, ISP: 电信, Date: None, Delay: 10006 ms, Speed: 0.00 M/s, Resolution: None
Name: 爱体育, URL: rtsp://115.153.212.72/PLTV/88888888/224/3221227044/86502115.smil, From: subscribe, IPv_Type: ipv4, Location: 中国-江西-宜春, ISP: 电信, Date: None, Delay: 10005 ms, Speed: 0.00 M/s, Resolution: None
Name: 爱体育, URL: rtsp://115.153.247.80/PLTV/88888888/224/3221227012/86440946.smil, From: subscribe, IPv_Type: ipv4, Location: 中国-江西-宜春, ISP: 电信, Date: None, Delay: 10005 ms, Speed: 0.00 M/s, Resolution: None
Name: 爱体育, URL: rtsp://115.153.230.145/PLTV/88888888/224/3221227012/86440946.smil, From: subscribe, IPv_Type: ipv4, Location: 中国-江西-宜春, ISP: 电信, Date: None, Delay: 10006 ms, Speed: 0.00 M/s, Resolution: None
Name: 爱体育, URL: rtsp://115.153.222.112:554/PLTV/88888888/224/3221227012/86440946.smil, From: subscribe, IPv_Type: ipv4, Location: 中国-江西-宜春, ISP: 电信, Date: None, Delay: 10007 ms, Speed: 0.00 M/s, Resolution: None
Name: 爱体育, URL: rtsp://115.153.233.154/PLTV/88888888/224/3221227012/86440946.smil, From: subscribe, IPv_Type: ipv4, Location: 中国-江西-宜春, ISP: 电信, Date: None, Delay: 10005 ms, Speed: 0.00 M/s, Resolution: None
Name: 爱体育, URL: rtsp://112.245.125.39:1554/iptv/import/Tvod/iptv/001/001/ch11060317323358720349.rsc/69939_Uni.sdp, From: subscribe, IPv_Type: ipv4, Location: 中国-山东-泰安, ISP: 联通, Date: None, Delay: 10004 ms, Speed: 0.00 M/s, Resolution: None
Name: 爱体育, URL: rtsp://183.59.156.166/PLTV/88888905/224/3221227073/10000100000000060000000000698847_0.smil?rrsip=125.88.104.40, From: subscribe, IPv_Type: ipv4, Location: 中国-广东-广州, ISP: 电信, Date: None, Delay: 10007 ms, Speed: 0.00 M/s, Resolution: None
Name: 爱体育, URL: rtsp://112.245.125.47:1554/iptv/import/Tvod/iptv/001/001/ch17120418224162657206.rsc/74292_Uni.sdp, From: subscribe, IPv_Type: ipv4, Location: 中国-山东-泰安, ISP: 联通, Date: None, Delay: 10004 ms, Speed: 0.00 M/s, Resolution: None
Name: 爱体育, URL: rtsp://183.59.156.166/PLTV/88888905/224/3221227991/10000100000000060000000006877797_0.smil?rrsip=125.88.104.40, From: subscribe, IPv_Type: ipv4, Location: 中国-广东-广州, ISP: 电信, Date: None, Delay: 10005 ms, Speed: 0.00 M/s, Resolution: None
Name: 超级体育, URL: http://111.43.126.240:9003/hls/86/index.m3u8, From: subscribe, IPv_Type: ipv4, Location: 中国-黑龙江, ISP: 移动, Date: None, Delay: 231 ms, Speed: 0.00 M/s, Resolution: 1920x1080
Name: 精品体育, URL: http://111.43.126.240:9003/hls/89/index.m3u8, From: subscribe, IPv_Type: ipv4, Location: 中国-黑龙江, ISP: 移动, Date: None, Delay: 237 ms, Speed: 0.00 M/s, Resolution: 1920x1080
Name: 辽宁体育, URL: http://dassby.qqff.top:99/live/辽宁体育/index.m3u8, From: subscribe, IPv_Type: ipv4, Location: 中国-辽宁-鞍山, ISP: 联通, Date: None, Delay: 10569 ms, Speed: 0.09 M/s, Resolution: 1920x1080
Name: 辽宁体育, URL: http://120.76.248.139/live/bfgd/4200000611.m3u8, From: subscribe, IPv_Type: ipv4, Location: 中国-浙江-杭州, ISP: 阿里云BGP数据中心, Date: None, Delay: 10009 ms, Speed: 0.00 M/s, Resolution: 1280x720
Name: 天津体育, URL: http://168250.xyz:1111/rtp/239.5.1.3:5000, From: subscribe, IPv_Type: ipv4, Location: 中国-天津-天津, ISP: 电信, Date: None, Delay: 555 ms, Speed: 0.04 M/s, Resolution: 1920x1080
Name: 睛彩广场舞, URL: http://anfeind1.kmdns.net:19999/migunohosts.php?Contentid=3000000020000011523, From: subscribe, IPv_Type: ipv4, Location: 中国-上海-上海, ISP: 电信, Date: None, Delay: 4577 ms, Speed: 2.50 M/s, Resolution: 1920x1080
Name: 睛彩广场舞, URL: http://183.220.20.17:4321/rtp/239.10.0.131:5140, From: subscribe, IPv_Type: ipv4, Location: 中国-四川-成都, ISP: 移动, Date: None, Delay: 470 ms, Speed: 0.89 M/s, Resolution: 1920x1080
Name: 快乐垂钓, URL: https://iptv.catvod.com/live.php?id=%E5%BF%AB%E4%B9%90%E5%9E%82%E9%92%93&line=1, From: subscribe, IPv_Type: ipv4, Location: 美国-加利福尼亚州-洛杉矶, ISP: IT7网络, Date: None, Delay: 92 ms, Speed: 12.02 M/s, Resolution: 1920x1080
Name: 新动漫, URL: https://iptv.catvod.com/live.php?id=%E6%96%B0%E5%8A%A8%E6%BC%AB, From: subscribe, IPv_Type: ipv4, Location: 美国-加利福尼亚州-洛杉矶, ISP: IT7网络, Date: None, Delay: 77 ms, Speed: 12.85 M/s, Resolution: 1920x1080
Name: 新动漫, URL: https://iptv.catvod.com/live.php?id=%E6%96%B0%E5%8A%A8%E6%BC%AB&line=1, From: subscribe, IPv_Type: ipv4, Location: 美国-加利福尼亚州-洛杉矶, ISP: IT7网络, Date: None, Delay: 82 ms, Speed: 12.02 M/s, Resolution: 1920x1080
Name: 金鹰卡通, URL: http://101.66.198.51:9901/tsfile/live/1000_1.m3u8?key=txiptv&playlive=0&authid=0, From: subscribe, IPv_Type: ipv4, Location: 中国-浙江-金华, ISP: 联通, Date: None, Delay: 10192 ms, Speed: 0.00 M/s, Resolution: None
Name: 黑莓动画, URL: http://111.43.126.240:9003/hls/100/index.m3u8, From: subscribe, IPv_Type: ipv4, Location: 中国-黑龙江, ISP: 移动, Date: None, Delay: 236 ms, Speed: 0.00 M/s, Resolution: 1920x1080
Name: 河北少儿科教, URL: http://php.fjl626.cn/hebei.php?id=sekj, From: subscribe, IPv_Type: ipv4, Location: 中国-香港, ISP: Cloudie_Limited, Date: None, Delay: 393 ms, Speed: 0.02 M/s, Resolution: None
Name: 七龙珠, URL: https://live.ottiptv.cc/huya/11601966, From: subscribe, IPv_Type: ipv6, Location: 美国-加利福尼亚州-圣克拉拉, ISP: DigitalOcean, Date: None, Delay: 577 ms, Speed: 0.28 M/s, Resolution: 960x720
Name: 七龙珠, URL: http://cdn.jdshipin.com:8880/huya.php?id=11601966, From: subscribe, IPv_Type: ipv6, Location: 美国, ISP: CloudFlare Inc., Date: None, Delay: 544 ms, Speed: 0.28 M/s, Resolution: 960x720
Name: 火影忍者, URL: http://cdn.jdshipin.com:8880/huya.php?id=29465866, From: subscribe, IPv_Type: ipv6, Location: 美国, ISP: CloudFlare Inc., Date: None, Delay: 551 ms, Speed: 0.23 M/s, Resolution: 1920x1080
Name: 海绵宝宝, URL: https://live.metshop.top/douyu/3949681, From: subscribe, IPv_Type: ipv6, Location: 美国, ISP: CloudFlare Inc., Date: None, Delay: 9033 ms, Speed: 0.00 M/s, Resolution: 1920x1080
Name: 猫和老鼠, URL: http://cdn.jdshipin.com:8880/huya.php?id=11352879, From: subscribe, IPv_Type: ipv6, Location: 美国, ISP: CloudFlare Inc., Date: None, Delay: 553 ms, Speed: 0.16 M/s, Resolution: 640x464
Name: 猫和老鼠, URL: https://live.ottiptv.cc/huya/11352879, From: subscribe, IPv_Type: ipv6, Location: 美国, ISP: Oracle Corporation, Date: None, Delay: 822 ms, Speed: 0.15 M/s, Resolution: 640x464
Name: 猫和老鼠, URL: https://live.metshop.top/huya/11352879, From: subscribe, IPv_Type: ipv6, Location: 美国, ISP: CloudFlare Inc., Date: None, Delay: 3418 ms, Speed: 0.13 M/s, Resolution: 1280x720
Name: 经典动漫, URL: https://www.goodiptv.club/yy/22777075, From: subscribe, IPv_Type: ipv6, Location: 美国, ISP: CloudFlare Inc., Date: None, Delay: 3068 ms, Speed: 0.22 M/s, Resolution: 1920x1080
Name: 蜡笔小新, URL: https://live.ottiptv.cc/bilibili/30837590, From: subscribe, IPv_Type: ipv6, Location: 美国, ISP: Oracle Corporation, Date: None, Delay: 105 ms, Speed: 4.62 M/s, Resolution: 1920x1080
Name: 游戏风云, URL: https://www.freetv.top/migu/790188417.m3u8?migutoken=4bb23a171d4d63d4362dfba9a795c0f4ae95e2190f17a502e900947df23bda8e7a18b21aa9e6b578071ed4ced654a44a80d0fb8970ac8330432d19255fb721f3c1ee552fa186e2c9427e18e082, From: subscribe, IPv_Type: ipv6, Location: 美国-加利福尼亚州-圣克拉拉, ISP: DigitalOcean, Date: None, Delay: 97 ms, Speed: 4.63 M/s, Resolution: 1920x1080
Name: 音乐现场, URL: http://satellitepull.cnr.cn/live/wx32nmgyygb/playlist.m3u8, From: subscribe, IPv_Type: ipv4, Location: 美国-加利福尼亚州-洛杉矶, ISP: 网宿科技CDN节点, Date: None, Delay: 37 ms, Speed: 2.56 M/s, Resolution: None
Name: 音乐现场, URL: https://satellitepull.cnr.cn/live/wx32nmgyygb/playlist.m3u8, From: subscribe, IPv_Type: ipv4, Location: 美国-加利福尼亚州-洛杉矶, ISP: 网宿科技CDN节点, Date: None, Delay: 55 ms, Speed: 2.04 M/s, Resolution: None
Name: 音乐之声, URL: http://a.live.hnradio.com/yypd/radio120k_yypd.m3u8?auth_key=1588751172-0-0-d97b858279c1c86650172b9913ea4af2, From: subscribe, IPv_Type: ipv4, Location: 中国-上海-上海, ISP: 电信, Date: None, Delay: 3894 ms, Speed: 0.08 M/s, Resolution: None
Name: 潮流音乐, URL: http://play-radio-stream3.hndt.com/now/Or5au0KN/playlist.m3u8, From: subscribe, IPv_Type: ipv4, Location: 美国-伊利诺伊州-库克, ISP: 网宿CDN节点, Date: None, Delay: 10244 ms, Speed: 0.01 M/s, Resolution: None
Name: 天龙八部, URL: https://live.metshop.top/huya/23903123, From: subscribe, IPv_Type: ipv6, Location: 美国, ISP: CloudFlare Inc., Date: None, Delay: 6953 ms, Speed: 0.18 M/s, Resolution: 1920x1080
Name: 鹿鼎记, URL: http://43.138.0.72:35455/yy/1382736920, From: subscribe, IPv_Type: ipv4, Location: 中国-北京-北京, ISP: 腾讯云, Date: None, Delay: 1486 ms, Speed: 0.18 M/s, Resolution: 1280x720
Name: 鹿鼎记, URL: https://live.ottiptv.cc/yy/28265277, From: subscribe, IPv_Type: ipv6, Location: 美国, ISP: Oracle Corporation, Date: None, Delay: 822 ms, Speed: 0.16 M/s, Resolution: 800x600
Name: 仙剑奇侠传, URL: https://live.ottiptv.cc/yy/1382749903, From: subscribe, IPv_Type: ipv6, Location: 美国, ISP: Oracle Corporation, Date: None, Delay: 1075 ms, Speed: 0.55 M/s, Resolution: 1920x1080
Name: 西游记, URL: https://txmov2.a.kwimgs.com/bs3/video-hls/5239093806671579134_hlsb.m3u8, From: subscribe, IPv_Type: ipv4, Location: 美国-加利福尼亚州-圣克拉拉, ISP: 腾讯云, Date: None, Delay: 747 ms, Speed: 1.68 M/s, Resolution: 704x534
Name: 西游记, URL: https://txmov2.a.kwimgs.com/bs3/video-hls/5222486782687309806_hlsb.m3u8, From: subscribe, IPv_Type: ipv4, Location: 美国-乔治亚州-富尔顿, ISP: 腾讯云, Date: None, Delay: 732 ms, Speed: 1.51 M/s, Resolution: 704x540
Name: 西游记, URL: http://cdn.jdshipin.com:8880/huya.php?id=30080242, From: subscribe, IPv_Type: ipv6, Location: 美国, ISP: CloudFlare Inc., Date: None, Delay: 1166 ms, Speed: 0.20 M/s, Resolution: 1024x554
Name: 西游记, URL: https://lbds.us.ci/26355861, From: subscribe, IPv_Type: ipv6, Location: 美国, ISP: CloudFlare Inc., Date: None, Delay: 367 ms, Speed: 0.16 M/s, Resolution: 576x432
Name: 三国演义, URL: http://cdn.jdshipin.com:8880/huya.php?id=11602081, From: subscribe, IPv_Type: ipv6, Location: 美国, ISP: CloudFlare Inc., Date: None, Delay: 883 ms, Speed: 0.26 M/s, Resolution: 1280x720
Name: 封神榜, URL: http://cdn.jdshipin.com:8880/huya.php?id=29465849, From: subscribe, IPv_Type: ipv6, Location: 美国, ISP: CloudFlare Inc., Date: None, Delay: 553 ms, Speed: 0.79 M/s, Resolution: 1920x1080
Name: 封神榜, URL: https://live.ottiptv.cc/huya/29465849, From: subscribe, IPv_Type: ipv6, Location: 英国, ISP: , Date: None, Delay: 1512 ms, Speed: 0.73 M/s, Resolution: 1920x1080
Name: 封神榜, URL: https://live.metshop.top/huya/29465849, From: subscribe, IPv_Type: ipv6, Location: 美国, ISP: CloudFlare Inc., Date: None, Delay: 5290 ms, Speed: 0.58 M/s, Resolution: 1920x1080
Name: 上海滩, URL: https://txmov2.a.kwimgs.com/upic/2021/02/22/22/BMjAyMTAyMjIyMjU2NDFfMTI0MzE0NjMyOF80NDg1MDgzMTY5NF8yXzM=_b_B35aa4e9376173041991a9a379ff4ac56.mp4, From: subscribe, IPv_Type: ipv4, Location: 美国-加利福尼亚州-圣克拉拉, ISP: 腾讯云, Date: None, Delay: 573 ms, Speed: 11.36 M/s, Resolution: 718x404
Name: 射雕英雄传, URL: http://cdn.jdshipin.com:8880/huya.php?id=23824164, From: subscribe, IPv_Type: ipv6, Location: 美国, ISP: CloudFlare Inc., Date: None, Delay: 759 ms, Speed: 0.53 M/s, Resolution: 1274x670
Name: 射雕英雄传, URL: https://live.ottiptv.cc/huya/23824164, From: subscribe, IPv_Type: ipv6, Location: 美国, ISP: Oracle Corporation, Date: None, Delay: 611 ms, Speed: 0.51 M/s, Resolution: 1274x670
Name: 射雕英雄传, URL: https://live.metshop.top/huya/23824164, From: subscribe, IPv_Type: ipv6, Location: 美国, ISP: CloudFlare Inc., Date: None, Delay: 1988 ms, Speed: 0.48 M/s, Resolution: 1274x670
